sep=,
Type,FSVA3013,
Version,1.40,
Date,01.Mar 2024,
Mode,ANALYZER,
Preamplifier,ON,
Transducer,OFF,
Center Freq,15076500.000000,Hz
Freq Offset,0.000000,Hz
Start,154500.000000,Hz
Stop,29998500.000000,Hz
Span,29844000.000000,Hz
Ref Level,62.000000,dBµV
Level Offset,0.000000,dB
Rf Att,0.000000,dB
El Att,0.000000,dB
RBW,9000.000000,Hz
VBW,100000.000000,Hz
SWT,0.000654,s
Sweep Count,10,
Window,1,Frequency Sweep
Ref Position,100.000000,%
Level Range,100.000000,dB
x-Axis,LIN,
y-Axis,LOG,
x-Unit,Hz,
y-Unit,dBµV,
Trace,1,
Trace Mode,AVERAGE,
Detector,RMS,
Values,3317,
154500,41.99982452392578125,
163500,35.15775299072265625,
172500,32.47158050537109375,
181500,32.203887939453125,
190500,38.20534515380859375,
199500,40.5384521484375,
208500,35.80359649658203125,
217500,32.79145050048828125,
226500,32.82021331787109375,
235500,40.00446319580078125,
244500,35.4278411865234375,
253500,36.1515960693359375,
262500,36.1493377685546875,
271500,40.15555572509765625,
280500,40.65119171142578125,
289500,42.28278350830078125,
298500,36.8679351806640625,
307500,38.8850250244140625,
316500,47.184482574462890625,
325500,37.00787353515625,
334500,33.39642333984375,
343500,23.43456268310546875,
352500,39.26345062255859375,
361500,37.16982269287109375,
370500,36.44891357421875,
379500,28.49785614013671875,
388500,30.8553314208984375,
397500,34.7823028564453125,
406500,34.143402099609375,
415500,31.04431915283203125,
424500,29.51358795166015625,
433500,30.08676910400390625,
442500,28.17147064208984375,
451500,33.07985687255859375,
460500,27.75412750244140625,
469500,26.175018310546875,
478500,28.9645843505859375,
487500,34.15071868896484375,
496500,29.11708831787109375,
505500,28.69463348388671875,
514500,29.338836669921875,
523500,30.42182159423828125,
532500,32.9971923828125,
541500,28.14487457275390625,
550500,28.9720916748046875,
559500,32.640899658203125,
568500,32.99987030029296875,
577500,28.38045501708984375,
586500,29.70586395263671875,
595500,36.66178131103515625,
604500,32.3922119140625,
613500,32.12342071533203125,
622500,26.5777740478515625,
631500,34.46614837646484375,
640500,36.306396484375,
649500,31.463470458984375,
658500,27.65771484375,
667500,30.47895050048828125,
676500,37.8663330078125,
685500,29.222564697265625,
694500,27.71954345703125,
703500,30.18836212158203125,
712500,39.20247650146484375,
721500,38.14430999755859375,
730500,31.41402435302734375,
739500,29.17342376708984375,
748500,33.768646240234375,
757500,42.6982269287109375,
766500,33.01839447021484375,
775500,29.9620361328125,
784500,30.3954315185546875,
793500,42.390869140625,
802500,39.13724517822265625,
811500,36.62421417236328125,
820500,30.25354766845703125,
829500,36.07108306884765625,
838500,43.587215423583984375,
847500,39.0636749267578125,
856500,34.558837890625,
865500,32.93674468994140625,
874500,43.07221221923828125,
883500,39.97487640380859375,
892500,40.77013397216796875,
901500,36.1050262451171875,
910500,35.06272125244140625,
919500,38.70800018310546875,
928500,39.558380126953125,
937500,36.14752960205078125,
946500,36.17630767822265625,
955500,35.962188720703125,
964500,34.18045806884765625,
973500,35.29865264892578125,
982500,29.55425262451171875,
991500,31.25714111328125,
1000500,33.89349365234375,
1009500,30.617523193359375,
1018500,24.59996795654296875,
1027500,23.502166748046875,
1036500,31.921966552734375,
1045500,23.4306640625,
1054500,22.262176513671875,
1063500,19.45032501220703125,
1072500,28.344970703125,
1081500,28.8497314453125,
1090500,19.08412933349609375,
1099500,18.1420440673828125,
1108500,19.087493896484375,
1117500,28.38164520263671875,
1126500,17.86104583740234375,
1135500,15.9182281494140625,
1144500,16.00324249267578125,
1153500,24.9893798828125,
1162500,22.87583160400390625,
1171500,15.4580841064453125,
1180500,15.17104339599609375,
1189500,16.43732452392578125,
1198500,24.57996368408203125,
1207500,16.88510894775390625,
1216500,15.60852813720703125,
1225500,16.0077667236328125,
1234500,20.58660888671875,
1243500,18.18390655517578125,
1252500,14.82970428466796875,
1261500,14.8644561767578125,
1270500,14.65811920166015625,
1279500,17.78713226318359375,
1288500,13.37506866455078125,
1297500,11.3145904541015625,
1306500,13.445281982421875,
1315500,16.886138916015625,
1324500,13.0179443359375,
1333500,13.148895263671875,
1342500,10.6067657470703125,
1351500,9.19538116455078125,
1360500,12.75572967529296875,
1369500,16.29923248291015625,
1378500,13.9290618896484375,
1387500,10.326507568359375,
1396500,13.77016448974609375,
1405500,11.5344696044921875,
1414500,14.15270233154296875,
1423500,17.9667816162109375,
1432500,15.9467315673828125,
1441500,15.5970001220703125,
1450500,14.50093841552734375,
1459500,19.5748443603515625,
1468500,21.683746337890625,
1477500,21.5774993896484375,
1486500,14.19766998291015625,
1495500,12.088134765625,
1504500,16.0026397705078125,
1513500,22.067535400390625,
1522500,21.49338531494140625,
1531500,18.87474822998046875,
1540500,16.25395965576171875,
1549500,16.560089111328125,
1558500,26.4656219482421875,
1567500,19.43334197998046875,
1576500,20.42397308349609375,
1585500,19.79497528076171875,
1594500,26.01062774658203125,
1603500,24.10683441162109375,
1612500,20.2621307373046875,
1621500,15.5386505126953125,
1630500,18.9157257080078125,
1639500,25.79500579833984375,
1648500,20.381072998046875,
1657500,20.33513641357421875,
1666500,17.29595184326171875,
1675500,21.22894287109375,
1684500,20.2879791259765625,
1693500,21.29091644287109375,
1702500,13.93607330322265625,
1711500,17.037841796875,
1720500,20.6712188720703125,
1729500,19.636627197265625,
1738500,18.20909881591796875,
1747500,15.91846466064453125,
1756500,18.0069427490234375,
1765500,18.11267852783203125,
1774500,21.0080108642578125,
1783500,15.0674285888671875,
1792500,15.88751220703125,
1801500,18.89324951171875,
1810500,15.8124847412109375,
1819500,12.7294464111328125,
1828500,15.47779083251953125,
1837500,18.8364410400390625,
1846500,15.20076751708984375,
1855500,18.26935577392578125,
1864500,20.289215087890625,
1873500,16.8407135009765625,
1882500,18.9984130859375,
1891500,16.8395538330078125,
1900500,16.58046722412109375,
1909500,16.2351531982421875,
1918500,19.19492340087890625,
1927500,14.69063568115234375,
1936500,15.00275421142578125,
1945500,18.5633087158203125,
1954500,19.5524444580078125,
1963500,18.83785247802734375,
1972500,14.97209930419921875,
1981500,13.0747833251953125,
1990500,13.60440826416015625,
1999500,18.0838470458984375,
2008500,16.50818634033203125,
2017500,16.6324310302734375,
2026500,17.9362945556640625,
2035500,20.28338623046875,
2044500,15.7843017578125,
2053500,14.1547088623046875,
2062500,15.51610565185546875,
2071500,13.05104827880859375,
2080500,13.60730743408203125,
2089500,18.119354248046875,
2098500,15.64482879638671875,
2107500,17.18792724609375,
2116500,15.6111602783203125,
2125500,16.19589996337890625,
2134500,12.61138916015625,
2143500,17.2885589599609375,
2152500,15.93985748291015625,
2161500,18.0632171630859375,
2170500,16.06142425537109375,
2179500,9.4322662353515625,
2188500,10.83249664306640625,
2197500,14.99163818359375,
2206500,14.935028076171875,
2215500,20.4206085205078125,
2224500,16.67969512939453125,
2233500,16.822906494140625,
2242500,13.57535552978515625,
2251500,10.14196014404296875,
2260500,9.68384552001953125,
2269500,14.9708251953125,
2278500,14.59889984130859375,
2287500,12.52065277099609375,
2296500,14.63033294677734375,
2305500,20.96213531494140625,
2314500,10.69673919677734375,
2323500,12.52335357666015625,
2332500,9.490325927734375,
2341500,7.99565887451171875,
2350500,9.684051513671875,
2359500,9.0193328857421875,
2368500,8.3509979248046875,
2377500,10.23505401611328125,
2386500,15.14453887939453125,
2395500,19.498779296875,
2404500,7.262603759765625,
2413500,5.2876434326171875,
2422500,9.33243560791015625,
2431500,7.918609619140625,
2440500,15.1121978759765625,
2449500,14.637054443359375,
2458500,9.8776397705078125,
2467500,7.0587310791015625,
2476500,14.90488433837890625,
2485500,16.69142913818359375,
2494500,5.1578369140625,
2503500,7.261749267578125,
2512500,7.9883575439453125,
2521500,8.8348846435546875,
2530500,12.03842926025390625,
2539500,11.9014739990234375,
2548500,13.2953033447265625,
2557500,12.22710418701171875,
2566500,14.88947296142578125,
2575500,15.09510040283203125,
2584500,17.81787109375,
2593500,14.31922149658203125,
2602500,13.7616424560546875,
2611500,12.4624176025390625,
2620500,10.24080657958984375,
2629500,13.12288665771484375,
2638500,18.04253387451171875,
2647500,15.07352447509765625,
2656500,15.80091094970703125,
2665500,12.63104248046875,
2674500,12.3237152099609375,
2683500,12.56060028076171875,
2692500,16.48848724365234375,
2701500,14.51937103271484375,
2710500,14.14940643310546875,
2719500,11.1855621337890625,
2728500,9.8975677490234375,
2737500,13.750823974609375,
2746500,15.103729248046875,
2755500,9.42354583740234375,
2764500,11.1446533203125,
2773500,10.55643463134765625,
2782500,9.5076446533203125,
2791500,9.948486328125,
2800500,13.97928619384765625,
2809500,10.45671844482421875,
2818500,9.68083953857421875,
2827500,10.3030548095703125,
2836500,9.742401123046875,
2845500,10.70204925537109375,
2854500,12.584320068359375,
2863500,7.4246673583984375,
2872500,9.8244781494140625,
2881500,10.29454803466796875,
2890500,9.123748779296875,
2899500,12.727935791015625,
2908500,12.18740081787109375,
2917500,7.9899749755859375,
2926500,10.121551513671875,
2935500,7.7147674560546875,
2944500,8.14900970458984375,
2953500,12.58782958984375,
2962500,10.938079833984375,
2971500,10.2127838134765625,
2980500,8.36565399169921875,
2989500,6.4599151611328125,
2998500,6.492095947265625,
3007500,14.623748779296875,
3016500,13.24422454833984375,
3025500,10.259552001953125,
3034500,8.8526458740234375,
3043500,8.69998931884765625,
3052500,11.34445953369140625,
3061500,15.74669647216796875,
3070500,11.87944793701171875,
3079500,14.572021484375,
3088500,8.66686248779296875,
3097500,9.9094085693359375,
3106500,12.49626922607421875,
3115500,16.6557464599609375,
3124500,11.801177978515625,
3133500,13.667236328125,
3142500,9.08275604248046875,
3151500,11.52071380615234375,
3160500,12.0489349365234375,
3169500,16.21646881103515625,
3178500,10.2549285888671875,
3187500,10.4693756103515625,
3196500,12.60050201416015625,
3205500,13.30066680908203125,
3214500,11.7221221923828125,
3223500,16.81487274169921875,
3232500,12.44388580322265625,
3241500,13.206878662109375,
3250500,11.4973297119140625,
3259500,13.0576171875,
3268500,14.36258697509765625,
3277500,17.7265625,
3286500,11.84801483154296875,
3295500,10.926513671875,
3304500,10.42005157470703125,
3313500,11.70789337158203125,
3322500,16.445587158203125,
3331500,16.65752410888671875,
3340500,9.0962371826171875,
3349500,6.7022247314453125,
3358500,7.1786956787109375,
3367500,11.614593505859375,
3376500,16.73107147216796875,
3385500,14.679107666015625,
3394500,12.7035064697265625,
3403500,10.9162750244140625,
3412500,11.61867523193359375,
3421500,15.2431182861328125,
3430500,17.961395263671875,
3439500,14.30207061767578125,
3448500,15.33533477783203125,
3457500,13.6601104736328125,
3466500,9.32411956787109375,
3475500,10.007110595703125,
3484500,18.4761962890625,
3493500,12.0682220458984375,
3502500,10.58074188232421875,
3511500,12.98641204833984375,
3520500,9.75357818603515625,
3529500,12.41819000244140625,
3538500,20.84319305419921875,
3547500,14.604827880859375,
3556500,11.9293670654296875,
3565500,12.295867919921875,
3574500,9.67160797119140625,
3583500,15.9635162353515625,
3592500,22.57375335693359375,
3601500,11.53875732421875,
3610500,14.76216888427734375,
3619500,15.59735107421875,
3628500,12.01056671142578125,
3637500,18.3426361083984375,
3646500,22.1998138427734375,
3655500,13.96001434326171875,
3664500,13.0044097900390625,
3673500,9.681549072265625,
3682500,14.20965576171875,
3691500,18.29566192626953125,
3700500,20.095855712890625,
3709500,14.9296875,
3718500,18.00408172607421875,
3727500,14.24497222900390625,
3736500,13.52826690673828125,
3745500,18.22418975830078125,
3754500,18.1962432861328125,
3763500,11.8282623291015625,
3772500,15.2153167724609375,
3781500,13.33831024169921875,
3790500,11.40948486328125,
3799500,17.91974639892578125,
3808500,15.4491729736328125,
3817500,11.48711395263671875,
3826500,10.936370849609375,
3835500,12.08824920654296875,
3844500,12.4168853759765625,
3853500,16.24908447265625,
3862500,14.46918487548828125,
3871500,14.7248077392578125,
3880500,12.1378021240234375,
3889500,13.58194732666015625,
3898500,11.77811431884765625,
3907500,15.57550811767578125,
3916500,9.196746826171875,
3925500,10.2976837158203125,
3934500,11.79267120361328125,
3943500,13.37110137939453125,
3952500,12.7706451416015625,
3961500,16.12310028076171875,
3970500,11.33176422119140625,
3979500,13.4831695556640625,
3988500,12.86399078369140625,
3997500,11.26061248779296875,
4006500,10.68529510498046875,
4015500,15.60807037353515625,
4024500,11.03265380859375,
4033500,10.6918487548828125,
4042500,9.9143218994140625,
4051500,10.67147064208984375,
4060500,14.1704559326171875,
4069500,13.60483551025390625,
4078500,13.9422149658203125,
4087500,12.1444854736328125,
4096500,10.57245635986328125,
4105500,10.7964630126953125,
4114500,11.56845855712890625,
4123500,14.48143768310546875,
4132500,12.26041412353515625,
4141500,12.4562530517578125,
4150500,10.21460723876953125,
4159500,8.7600555419921875,
4168500,13.212432861328125,
4177500,11.9787139892578125,
4186500,9.91268157958984375,
4195500,11.57720184326171875,
4204500,9.8496246337890625,
4213500,10.9700775146484375,
4222500,12.55513763427734375,
4231500,13.29982757568359375,
4240500,12.88291168212890625,
4249500,14.750946044921875,
4258500,13.6387481689453125,
4267500,12.76477813720703125,
4276500,14.74773406982421875,
4285500,12.23995208740234375,
4294500,13.88536834716796875,
4303500,15.50830078125,
4312500,13.4048919677734375,
4321500,13.6546783447265625,
4330500,12.93264007568359375,
4339500,11.6287994384765625,
4348500,10.7507476806640625,
4357500,14.47325897216796875,
4366500,12.68341827392578125,
4375500,11.37882232666015625,
4384500,14.50704193115234375,
4393500,11.51851654052734375,
4402500,13.678070068359375,
4411500,10.538299560546875,
4420500,9.93859100341796875,
4429500,10.13323974609375,
4438500,14.19348907470703125,
4447500,8.8726348876953125,
4456500,10.01505279541015625,
4465500,9.211456298828125,
4474500,8.57314300537109375,
4483500,9.6334228515625,
4492500,13.02115631103515625,
4501500,8.92081451416015625,
4510500,12.82486724853515625,
4519500,12.0538787841796875,
4528500,12.611724853515625,
4537500,9.56589508056640625,
4546500,12.5234832763671875,
4555500,7.9962615966796875,
4564500,9.6889801025390625,
4573500,7.91585540771484375,
4582500,6.7624359130859375,
4591500,9.5631103515625,
4600500,8.846221923828125,
4609500,11.90032196044921875,
4618500,10.386383056640625,
4627500,3.3131103515625,
4636500,5.95502471923828125,
4645500,9.24887847900390625,
4654500,6.7421417236328125,
4663500,6.5009918212890625,
4672500,4.41829681396484375,
4681500,7.17346954345703125,
4690500,4.59940338134765625,
4699500,13.90239715576171875,
4708500,9.49405670166015625,
4717500,5.53418731689453125,
4726500,5.6295013427734375,
4735500,4.056549072265625,
4744500,4.26685333251953125,
4753500,7.5764617919921875,
4762500,6.31049346923828125,
4771500,5.66645050048828125,
4780500,7.2186431884765625,
4789500,9.5653839111328125,
4798500,6.0232696533203125,
4807500,7.9157257080078125,
4816500,5.48876190185546875,
4825500,5.44853973388671875,
4834500,3.594512939453125,
4843500,5.4659423828125,
4852500,4.103546142578125,
4861500,5.86480712890625,
4870500,3.0064697265625,
4879500,4.85366058349609375,
4888500,5.77655029296875,
4897500,4.2812652587890625,
4906500,4.61419677734375,
4915500,5.7738800048828125,
4924500,4.92412567138671875,
4933500,4.9836883544921875,
4942500,5.50374603271484375,
4951500,4.7584381103515625,
4960500,6.30168914794921875,
4969500,11.56854248046875,
4978500,5.79791259765625,
4987500,5.34172821044921875,
4996500,3.148681640625,
5005500,2.218048095703125,
5014500,6.6676177978515625,
5023500,5.01953125,
5032500,3.480499267578125,
5041500,5.08203887939453125,
5050500,10.98540496826171875,
5059500,16.90769195556640625,
5068500,6.520416259765625,
5077500,5.79071807861328125,
5086500,6.60701751708984375,
5095500,5.56090545654296875,
5104500,1.00482940673828125,
5113500,2.62163543701171875,
5122500,8.36510467529296875,
5131500,5.36669921875,
5140500,14.90283203125,
5149500,17.98468017578125,
5158500,4.97959136962890625,
5167500,4.1549224853515625,
5176500,8.4957733154296875,
5185500,5.69873809814453125,
5194500,4.78969573974609375,
5203500,6.20682525634765625,
5212500,3.73706817626953125,
5221500,4.94873809814453125,
5230500,14.6629180908203125,
5239500,14.35321807861328125,
5248500,4.384002685546875,
5257500,6.999298095703125,
5266500,4.185760498046875,
5275500,4.12058258056640625,
5284500,9.60886383056640625,
5293500,7.06705474853515625,
5302500,5.560150146484375,
5311500,6.51190948486328125,
5320500,10.42608642578125,
5329500,10.59694671630859375,
5338500,11.8233795166015625,
5347500,5.4439544677734375,
5356500,10.33634185791015625,
5365500,10.270294189453125,
5374500,5.18508148193359375,
5383500,12.19768524169921875,
5392500,11.83058929443359375,
5401500,7.18841552734375,
5410500,7.39655303955078125,
5419500,7.8880462646484375,
5428500,6.54498291015625,
5437500,7.98195648193359375,
5446500,9.64661407470703125,
5455500,4.0623321533203125,
5464500,5.8341827392578125,
5473500,4.32756805419921875,
5482500,7.76746368408203125,
5491500,10.9896240234375,
5500500,10.11651611328125,
5509500,4.92566680908203125,
5518500,6.48471832275390625,
5527500,7.99961090087890625,
5536500,5.75006103515625,
5545500,11.20177459716796875,
5554500,9.69513702392578125,
5563500,10.82170867919921875,
5572500,9.970306396484375,
5581500,8.4770660400390625,
5590500,13.39792633056640625,
5599500,10.74684906005859375,
5608500,9.3015594482421875,
5617500,7.485107421875,
5626500,10.37192535400390625,
5635500,9.18585968017578125,
5644500,11.47769927978515625,
5653500,13.1119232177734375,
5662500,8.0597076416015625,
5671500,8.61788177490234375,
5680500,15.036651611328125,
5689500,8.3382110595703125,
5698500,10.6628570556640625,
5707500,12.28983306884765625,
5716500,8.22187042236328125,
5725500,9.79099273681640625,
5734500,9.151092529296875,
5743500,7.4741363525390625,
5752500,8.0214691162109375,
5761500,12.76782989501953125,
5770500,14.01975250244140625,
5779500,9.53195953369140625,
5788500,9.82111358642578125,
5797500,5.798248291015625,
5806500,11.2882232666015625,
5815500,10.5117034912109375,
5824500,6.85698699951171875,
5833500,8.4948577880859375,
5842500,6.96947479248046875,
5851500,7.909759521484375,
5860500,13.291168212890625,
5869500,11.77093505859375,
5878500,8.6669921875,
5887500,9.16904449462890625,
5896500,8.2759552001953125,
5905500,8.59317779541015625,
5914500,10.3717041015625,
5923500,10.07781219482421875,
5932500,6.621856689453125,
5941500,8.3656463623046875,
5950500,6.56978607177734375,
5959500,9.122955322265625,
5968500,10.87096405029296875,
5977500,6.4949798583984375,
5986500,6.06299591064453125,
5995500,4.54045867919921875,
6004500,7.4939117431640625,
6013500,4.36957550048828125,
6022500,9.1157989501953125,
6031500,7.2810516357421875,
6040500,7.08930206298828125,
6049500,7.00048065185546875,
6058500,5.7805633544921875,
6067500,3.67845916748046875,
6076500,9.42639923095703125,
6085500,6.12644195556640625,
6094500,6.87744903564453125,
6103500,7.23088836669921875,
6112500,4.13191986083984375,
6121500,5.48128509521484375,
6130500,7.98661041259765625,
6139500,4.85245513916015625,
6148500,4.37347412109375,
6157500,5.6196746826171875,
6166500,6.71129608154296875,
6175500,4.5893402099609375,
6184500,8.6724395751953125,
6193500,7.3258514404296875,
6202500,5.83147430419921875,
6211500,7.00012969970703125,
6220500,4.4613189697265625,
6229500,5.30210113525390625,
6238500,7.41887664794921875,
6247500,6.233306884765625,
6256500,4.19087982177734375,
6265500,6.64597320556640625,
6274500,6.61597442626953125,
6283500,6.71517181396484375,
6292500,6.9099273681640625,
6301500,8.00548553466796875,
6310500,4.23287200927734375,
6319500,4.7108001708984375,
6328500,6.03879547119140625,
6337500,8.06169891357421875,
6346500,6.500244140625,
6355500,5.65143585205078125,
6364500,12.9553680419921875,
6373500,7.1106719970703125,
6382500,5.90731048583984375,
6391500,10.292999267578125,
6400500,9.1079864501953125,
6409500,9.176239013671875,
6418500,8.4047088623046875,
6427500,4.90041351318359375,
6436500,5.02986907958984375,
6445500,9.86443328857421875,
6454500,9.43422698974609375,
6463500,5.50598907470703125,
6472500,5.90535736083984375,
6481500,5.901214599609375,
6490500,4.7651824951171875,
6499500,10.14098358154296875,
6508500,7.58560943603515625,
6517500,5.597198486328125,
6526500,7.1931304931640625,
6535500,6.692352294921875,
6544500,8.0423736572265625,
6553500,12.28646087646484375,
6562500,7.92462158203125,
6571500,7.840118408203125,
6580500,7.41300201416015625,
6589500,6.3563690185546875,
6598500,7.04145050048828125,
6607500,8.83712005615234375,
6616500,6.49671173095703125,
6625500,4.7271575927734375,
6634500,6.31836700439453125,
6643500,9.37120819091796875,
6652500,9.33547210693359375,
6661500,8.6854248046875,
6670500,6.57122802734375,
6679500,6.59433746337890625,
6688500,7.522552490234375,
6697500,6.02271270751953125,
6706500,8.0463714599609375,
6715500,8.91060638427734375,
6724500,5.432830810546875,
6733500,8.02431488037109375,
6742500,8.55222320556640625,
6751500,8.1432037353515625,
6760500,9.501495361328125,
6769500,8.72391510009765625,
6778500,6.1424407958984375,
6787500,6.0607757568359375,
6796500,8.7289276123046875,
6805500,7.3423004150390625,
6814500,11.51767730712890625,
6823500,10.024505615234375,
6832500,8.78229522705078125,
6841500,6.2764434814453125,
6850500,9.59767913818359375,
6859500,9.38629150390625,
6868500,11.4429779052734375,
6877500,5.092864990234375,
6886500,4.8912506103515625,
6895500,6.77365875244140625,
6904500,7.22646331787109375,
6913500,6.60910797119140625,
6922500,10.6733551025390625,
6931500,8.5390777587890625,
6940500,6.85561370849609375,
6949500,9.15267181396484375,
6958500,7.35063934326171875,
6967500,7.72719573974609375,
6976500,8.34142303466796875,
6985500,6.48215484619140625,
6994500,7.95133209228515625,
7003500,7.97289276123046875,
7012500,9.51000213623046875,
7021500,6.30837249755859375,
7030500,7.5171661376953125,
7039500,7.08353424072265625,
7048500,7.35161590576171875,
7057500,8.98540496826171875,
7066500,7.113739013671875,
7075500,7.30651092529296875,
7084500,9.71260833740234375,
7093500,9.313812255859375,
7102500,8.50453948974609375,
7111500,7.50539398193359375,
7120500,10.4511566162109375,
7129500,9.7396240234375,
7138500,8.88765716552734375,
7147500,7.49053192138671875,
7156500,7.9844512939453125,
7165500,7.015045166015625,
7174500,7.88272857666015625,
7183500,11.12236785888671875,
7192500,10.06816864013671875,
7201500,8.82900238037109375,
7210500,6.234619140625,
7219500,8.96352386474609375,
7228500,9.08173370361328125,
7237500,10.75262451171875,
7246500,9.25658416748046875,
7255500,10.18476104736328125,
7264500,7.6852874755859375,
7273500,11.48737335205078125,
7282500,11.95208740234375,
7291500,11.7935943603515625,
7300500,8.9762115478515625,
7309500,9.732666015625,
7318500,11.203704833984375,
7327500,9.52527618408203125,
7336500,9.64530181884765625,
7345500,12.7042236328125,
7354500,9.37236785888671875,
7363500,14.45420074462890625,
7372500,13.2408294677734375,
7381500,8.47873687744140625,
7390500,5.08762359619140625,
7399500,10.01473236083984375,
7408500,7.3477630615234375,
7417500,7.4753265380859375,
7426500,6.30023193359375,
7435500,10.620574951171875,
7444500,12.9098968505859375,
7453500,12.02761077880859375,
7462500,9.140106201171875,
7471500,7.5189971923828125,
7480500,5.41493988037109375,
7489500,8.57227325439453125,
7498500,10.3948974609375,
7507500,10.84517669677734375,
7516500,7.02812957763671875,
7525500,7.30144500732421875,
7534500,6.75797271728515625,
7543500,7.17295074462890625,
7552500,10.26917266845703125,
7561500,10.54685211181640625,
7570500,10.97149658203125,
7579500,9.3858642578125,
7588500,8.2741241455078125,
7597500,9.845794677734375,
7606500,10.0640869140625,
7615500,7.89154052734375,
7624500,8.2657012939453125,
7633500,11.55002593994140625,
7642500,6.89971923828125,
7651500,7.08475494384765625,
7660500,8.5056304931640625,
7669500,7.80670928955078125,
7678500,9.6236724853515625,
7687500,11.116912841796875,
7696500,13.3209991455078125,
7705500,12.91607666015625,
7714500,9.37477874755859375,
7723500,13.11539459228515625,
7732500,7.61905670166015625,
7741500,6.97327423095703125,
7750500,7.85085296630859375,
7759500,12.711517333984375,
7768500,13.15543365478515625,
7777500,12.85240936279296875,
7786500,8.9290008544921875,
7795500,10.03842926025390625,
7804500,12.79776763916015625,
7813500,12.3201141357421875,
7822500,11.54843902587890625,
7831500,14.329498291015625,
7840500,10.718505859375,
7849500,9.4125823974609375,
7858500,7.8066253662109375,
7867500,8.5636444091796875,
7876500,9.39302825927734375,
7885500,9.92388153076171875,
7894500,14.4677886962890625,
7903500,13.5273590087890625,
7912500,11.9462432861328125,
7921500,11.55664825439453125,
7930500,12.03531646728515625,
7939500,10.39931488037109375,
7948500,13.11226654052734375,
7957500,14.74837493896484375,
7966500,13.84963226318359375,
7975500,15.1741485595703125,
7984500,13.40644073486328125,
7993500,10.69112396240234375,
8002500,4.83377838134765625,
8011500,7.8785552978515625,
8020500,7.7847442626953125,
8029500,9.76074981689453125,
8038500,7.2234649658203125,
8047500,9.55382537841796875,
8056500,9.8372955322265625,
8065500,10.41297149658203125,
8074500,13.18511199951171875,
8083500,11.4334716796875,
8092500,9.98871612548828125,
8101500,10.1946563720703125,
8110500,9.3289642333984375,
8119500,7.926300048828125,
8128500,10.24086761474609375,
8137500,11.49317169189453125,
8146500,6.86917877197265625,
8155500,8.44396209716796875,
8164500,14.47159576416015625,
8173500,13.22442626953125,
8182500,12.91690826416015625,
8191500,13.1236572265625,
8200500,9.657318115234375,
8209500,9.14490509033203125,
8218500,7.606781005859375,
8227500,10.93344879150390625,
8236500,12.502777099609375,
8245500,11.95241546630859375,
8254500,14.5730133056640625,
8263500,9.82289886474609375,
8272500,8.15027618408203125,
8281500,5.57244873046875,
8290500,10.53798675537109375,
8299500,11.8124237060546875,
8308500,10.3969268798828125,
8317500,14.5408782958984375,
8326500,16.98001861572265625,
8335500,13.4751739501953125,
8344500,19.11026763916015625,
8353500,11.461578369140625,
8362500,14.6679534912109375,
8371500,13.744842529296875,
8380500,7.98033905029296875,
8389500,8.15853118896484375,
8398500,10.09165191650390625,
8407500,10.7652740478515625,
8416500,11.22505950927734375,
8425500,14.6740875244140625,
8434500,18.14196014404296875,
8443500,11.380096435546875,
8452500,12.59027862548828125,
8461500,12.03714752197265625,
8470500,14.27658843994140625,
8479500,11.4614105224609375,
8488500,11.271759033203125,
8497500,10.1294708251953125,
8506500,7.8772735595703125,
8515500,12.82601165771484375,
8524500,16.32689666748046875,
8533500,11.27652740478515625,
8542500,10.37377166748046875,
8551500,8.81137847900390625,
8560500,10.2880096435546875,
8569500,15.13486480712890625,
8578500,14.41452789306640625,
8587500,14.13501739501953125,
8596500,12.7113494873046875,
8605500,14.7454071044921875,
8614500,15.346649169921875,
8623500,17.6875762939453125,
8632500,12.3716278076171875,
8641500,9.52651214599609375,
8650500,13.769195556640625,
8659500,10.5191650390625,
8668500,9.75411224365234375,
8677500,12.4479827880859375,
8686500,15.2334442138671875,
8695500,13.60170745849609375,
8704500,13.32871246337890625,
8713500,11.830841064453125,
8722500,12.0943756103515625,
8731500,13.385528564453125,
8740500,10.20025634765625,
8749500,11.2959136962890625,
8758500,12.13390350341796875,
8767500,13.20078277587890625,
8776500,12.28888702392578125,
8785500,14.44366455078125,
8794500,12.0413055419921875,
8803500,10.18329620361328125,
8812500,14.203399658203125,
8821500,14.82357025146484375,
8830500,15.81833648681640625,
8839500,14.25002288818359375,
8848500,16.63329315185546875,
8857500,15.7867584228515625,
8866500,14.55680084228515625,
8875500,15.99371337890625,
8884500,12.4716644287109375,
8893500,15.025054931640625,
8902500,12.556427001953125,
8911500,10.89981842041015625,
8920500,11.22698974609375,
8929500,15.33756256103515625,
8938500,16.30181884765625,
8947500,15.56171417236328125,
8956500,15.8568572998046875,
8965500,17.15960693359375,
8974500,15.3662872314453125,
8983500,18.71416473388671875,
8992500,13.96039581298828125,
9001500,12.47455596923828125,
9010500,15.63314056396484375,
9019500,13.3401641845703125,
9028500,14.66967010498046875,
9037500,13.30593109130859375,
9046500,14.61475372314453125,
9055500,14.71277618408203125,
9064500,14.1563568115234375,
9073500,14.51324462890625,
9082500,17.2098846435546875,
9091500,18.91266632080078125,
9100500,17.135406494140625,
9109500,15.90087127685546875,
9118500,16.3422088623046875,
9127500,16.96938323974609375,
9136500,16.94997406005859375,
9145500,19.40747833251953125,
9154500,17.2225189208984375,
9163500,15.612518310546875,
9172500,18.33850860595703125,
9181500,15.18607330322265625,
9190500,17.69246673583984375,
9199500,18.623260498046875,
9208500,20.4869537353515625,
9217500,17.12491607666015625,
9226500,17.02506256103515625,
9235500,19.1502532958984375,
9244500,19.70946502685546875,
9253500,18.613555908203125,
9262500,15.6541595458984375,
9271500,14.55475616455078125,
9280500,15.7549285888671875,
9289500,18.99750518798828125,
9298500,18.44881439208984375,
9307500,18.64117431640625,
9316500,17.82578277587890625,
9325500,20.175933837890625,
9334500,22.49477386474609375,
9343500,22.430267333984375,
9352500,20.40566253662109375,
9361500,18.12050628662109375,
9370500,20.8353729248046875,
9379500,20.0317230224609375,
9388500,18.63101959228515625,
9397500,17.7123260498046875,
9406500,20.24721527099609375,
9415500,19.96746826171875,
9424500,19.21785736083984375,
9433500,17.67729949951171875,
9442500,17.95931243896484375,
9451500,24.1672515869140625,
9460500,23.93454742431640625,
9469500,23.98435211181640625,
9478500,19.8649139404296875,
9487500,24.2192840576171875,
9496500,28.1979522705078125,
9505500,27.36041259765625,
9514500,23.74261474609375,
9523500,22.79506683349609375,
9532500,25.25707244873046875,
9541500,24.28987884521484375,
9550500,23.85999298095703125,
9559500,24.06267547607421875,
9568500,27.14231109619140625,
9577500,28.8408050537109375,
9586500,30.53292083740234375,
9595500,25.92438507080078125,
9604500,26.27370452880859375,
9613500,28.01019287109375,
9622500,28.38164520263671875,
9631500,27.2043304443359375,
9640500,23.9043426513671875,
9649500,28.61168670654296875,
9658500,24.5249481201171875,
9667500,28.61675262451171875,
9676500,29.47765350341796875,
9685500,30.850616455078125,
9694500,30.72972869873046875,
9703500,29.69496917724609375,
9712500,29.31261444091796875,
9721500,30.38529205322265625,
9730500,31.28021240234375,
9739500,29.81876373291015625,
9748500,30.51902008056640625,
9757500,30.78479766845703125,
9766500,27.1554412841796875,
9775500,31.01500701904296875,
9784500,29.011199951171875,
9793500,25.89296722412109375,
9802500,24.11833953857421875,
9811500,28.80389404296875,
9820500,26.04876708984375,
9829500,29.21468353271484375,
9838500,27.3882598876953125,
9847500,31.324981689453125,
9856500,29.09352874755859375,
9865500,27.50778961181640625,
9874500,26.92591094970703125,
9883500,27.50469970703125,
9892500,27.50174713134765625,
9901500,23.62021636962890625,
9910500,24.43750762939453125,
9919500,23.0324554443359375,
9928500,23.383453369140625,
9937500,23.87542724609375,
9946500,21.80390167236328125,
9955500,20.93463897705078125,
9964500,20.40871429443359375,
9973500,23.83281707763671875,
9982500,21.25676727294921875,
9991500,25.07234954833984375,
10000500,19.97167205810546875,
10009500,23.0983428955078125,
10018500,23.11224365234375,
10027500,20.85540771484375,
10036500,21.41226959228515625,
10045500,21.4957733154296875,
10054500,19.50411224365234375,
10063500,19.17232513427734375,
10072500,16.97502899169921875,
10081500,18.416778564453125,
10090500,21.51738739013671875,
10099500,20.366455078125,
10108500,23.10013580322265625,
10117500,20.422027587890625,
10126500,17.9842529296875,
10135500,17.0334625244140625,
10144500,20.2481842041015625,
10153500,18.00328826904296875,
10162500,16.7348480224609375,
10171500,19.30110931396484375,
10180500,18.03113555908203125,
10189500,18.71661376953125,
10198500,19.727203369140625,
10207500,19.3719482421875,
10216500,19.3076019287109375,
10225500,17.311187744140625,
10234500,16.74364471435546875,
10243500,15.41193389892578125,
10252500,20.1305389404296875,
10261500,19.06153106689453125,
10270500,19.5125885009765625,
10279500,14.22069549560546875,
10288500,14.222686767578125,
10297500,16.16188812255859375,
10306500,17.9747467041015625,
10315500,12.53343963623046875,
10324500,12.565704345703125,
10333500,15.32025146484375,
10342500,15.38449859619140625,
10351500,13.57894134521484375,
10360500,14.95984649658203125,
10369500,12.2923736572265625,
10378500,10.71283721923828125,
10387500,11.03408050537109375,
10396500,10.55944061279296875,
10405500,13.14820098876953125,
10414500,16.6008148193359375,
10423500,12.82318878173828125,
10432500,10.1215362548828125,
10441500,8.7850189208984375,
10450500,13.960296630859375,
10459500,16.5936126708984375,
10468500,18.1875152587890625,
10477500,17.2197418212890625,
10486500,14.684417724609375,
10495500,18.3030853271484375,
10504500,17.046539306640625,
10513500,21.514862060546875,
10522500,22.08313751220703125,
10531500,21.36009979248046875,
10540500,17.621185302734375,
10549500,19.78498077392578125,
10558500,18.46575927734375,
10567500,21.497833251953125,
10576500,19.3144989013671875,
10585500,19.58948516845703125,
10594500,17.756439208984375,
10603500,18.50699615478515625,
10612500,20.51465606689453125,
10621500,21.4815521240234375,
10630500,19.84793853759765625,
10639500,17.552947998046875,
10648500,17.60698699951171875,
10657500,15.58205413818359375,
10666500,18.510406494140625,
10675500,19.84535980224609375,
10684500,17.342437744140625,
10693500,16.19571685791015625,
10702500,15.569122314453125,
10711500,17.66188812255859375,
10720500,18.49681854248046875,
10729500,21.80474853515625,
10738500,17.9783935546875,
10747500,16.234375,
10756500,15.12184906005859375,
10765500,13.7087860107421875,
10774500,17.04158782958984375,
10783500,19.22254180908203125,
10792500,14.7292327880859375,
10801500,12.80135345458984375,
10810500,16.458251953125,
10819500,17.4323272705078125,
10828500,18.1318511962890625,
10837500,18.59664154052734375,
10846500,18.451202392578125,
10855500,17.1845245361328125,
10864500,12.84133148193359375,
10873500,13.73430633544921875,
10882500,16.060760498046875,
10891500,18.67429351806640625,
10900500,15.25665283203125,
10909500,14.56827545166015625,
10918500,10.76285552978515625,
10927500,11.29219818115234375,
10936500,15.2272796630859375,
10945500,15.02207183837890625,
10954500,15.135162353515625,
10963500,12.995849609375,
10972500,15.9438018798828125,
10981500,17.33042144775390625,
10990500,18.44140625,
10999500,17.71894073486328125,
11008500,15.54781341552734375,
11017500,14.11945343017578125,
11026500,14.920745849609375,
11035500,13.7882537841796875,
11044500,17.86458587646484375,
11053500,16.921234130859375,
11062500,15.68833160400390625,
11071500,12.64463043212890625,
11080500,12.00164031982421875,
11089500,14.686309814453125,
11098500,18.3834381103515625,
11107500,15.16681671142578125,
11116500,13.82709503173828125,
11125500,14.478668212890625,
11134500,17.27364349365234375,
11143500,16.51239776611328125,
11152500,18.72229766845703125,
11161500,14.65493011474609375,
11170500,16.094451904296875,
11179500,12.46927642822265625,
11188500,15.2394256591796875,
11197500,16.04048919677734375,
11206500,19.08697509765625,
11215500,17.159515380859375,
11224500,16.65549468994140625,
11233500,16.82021331787109375,
11242500,14.38680267333984375,
11251500,17.96239471435546875,
11260500,18.36095428466796875,
11269500,16.20845794677734375,
11278500,14.4272918701171875,
11287500,14.0840301513671875,
11296500,17.2141265869140625,
11305500,17.38480377197265625,
11314500,18.2534637451171875,
11323500,14.6239471435546875,
11332500,16.3153228759765625,
11341500,16.38169097900390625,
11350500,15.23752593994140625,
11359500,20.0826263427734375,
11368500,18.25522613525390625,
11377500,14.01387786865234375,
11386500,13.869842529296875,
11395500,14.07631683349609375,
11404500,15.35137176513671875,
11413500,15.51432037353515625,
11422500,15.9042510986328125,
11431500,14.09970855712890625,
11440500,14.33615875244140625,
11449500,17.5374755859375,
11458500,16.15045166015625,
11467500,18.06986236572265625,
11476500,17.4436187744140625,
11485500,14.056427001953125,
11494500,18.0398101806640625,
11503500,15.62819671630859375,
11512500,16.28484344482421875,
11521500,18.90822601318359375,
11530500,16.02707672119140625,
11539500,16.26914215087890625,
11548500,15.3145599365234375,
11557500,13.5281219482421875,
11566500,14.63288116455078125,
11575500,18.7455291748046875,
11584500,15.6738739013671875,
11593500,12.015045166015625,
11602500,11.22458648681640625,
11611500,16.33441162109375,
11620500,19.31243133544921875,
11629500,19.63828277587890625,
11638500,17.0064544677734375,
11647500,16.05818939208984375,
11656500,15.80970001220703125,
11665500,14.067138671875,
11674500,16.7961273193359375,
11683500,19.5216827392578125,
11692500,17.33290863037109375,
11701500,16.76445770263671875,
11710500,12.39154815673828125,
11719500,12.34630584716796875,
11728500,19.12171173095703125,
11737500,17.73767852783203125,
11746500,15.355133056640625,
11755500,13.723724365234375,
11764500,17.0879974365234375,
11773500,17.12821197509765625,
11782500,17.4111785888671875,
11791500,17.75388336181640625,
11800500,15.247314453125,
11809500,15.42984771728515625,
11818500,16.0762786865234375,
11827500,15.364501953125,
11836500,18.5097808837890625,
11845500,18.55515289306640625,
11854500,18.58760833740234375,
11863500,14.61966705322265625,
11872500,15.4169158935546875,
11881500,17.61545562744140625,
11890500,19.42644500732421875,
11899500,18.52083587646484375,
11908500,16.11676025390625,
11917500,14.78377532958984375,
11926500,14.7629547119140625,
11935500,17.406341552734375,
11944500,19.482391357421875,
11953500,16.33275604248046875,
11962500,14.12931060791015625,
11971500,14.443267822265625,
11980500,14.46578216552734375,
11989500,17.147613525390625,
11998500,18.27020263671875,
12007500,16.60041046142578125,
12016500,17.78047943115234375,
12025500,14.731964111328125,
12034500,17.97905731201171875,
12043500,16.94500732421875,
12052500,18.1879730224609375,
12061500,15.76248931884765625,
12070500,15.7392120361328125,
12079500,13.93846893310546875,
12088500,13.5456390380859375,
12097500,16.4014739990234375,
12106500,17.72542572021484375,
12115500,16.29187774658203125,
12124500,15.77303314208984375,
12133500,17.10866546630859375,
12142500,16.6607208251953125,
12151500,17.7433929443359375,
12160500,17.37010955810546875,
12169500,14.2190399169921875,
12178500,15.4673919677734375,
12187500,18.32566070556640625,
12196500,17.3425750732421875,
12205500,18.2678985595703125,
12214500,18.6733856201171875,
12223500,16.4007720947265625,
12232500,15.38021087646484375,
12241500,17.9686737060546875,
12250500,16.2581634521484375,
12259500,17.801727294921875,
12268500,16.57692718505859375,
12277500,13.58316802978515625,
12286500,12.80750274658203125,
12295500,13.93828582763671875,
12304500,16.63779449462890625,
12313500,17.85465240478515625,
12322500,18.59163665771484375,
12331500,16.2781524658203125,
12340500,16.2381591796875,
12349500,15.4025115966796875,
12358500,15.15346527099609375,
12367500,17.71982574462890625,
12376500,16.99237823486328125,
12385500,16.3815460205078125,
12394500,12.27093505859375,
12403500,16.71840667724609375,
12412500,15.97388458251953125,
12421500,18.61341094970703125,
12430500,15.5963134765625,
12439500,17.8547210693359375,
12448500,15.89058685302734375,
12457500,16.5753173828125,
12466500,16.5241851806640625,
12475500,17.3734130859375,
12484500,17.60761260986328125,
12493500,15.386932373046875,
12502500,13.9320220947265625,
12511500,14.55471038818359375,
12520500,18.25423431396484375,
12529500,16.98094940185546875,
12538500,13.0155181884765625,
12547500,13.823394775390625,
12556500,15.64682769775390625,
12565500,15.63336181640625,
12574500,18.3674774169921875,
12583500,17.533050537109375,
12592500,17.27416229248046875,
12601500,16.14643096923828125,
12610500,13.6537933349609375,
12619500,14.84929656982421875,
12628500,18.34098052978515625,
12637500,17.90157318115234375,
12646500,15.0888824462890625,
12655500,14.69641876220703125,
12664500,14.37751007080078125,
12673500,19.28624725341796875,
12682500,15.737274169921875,
12691500,16.76305389404296875,
12700500,17.6742401123046875,
12709500,18.350616455078125,
12718500,17.40247344970703125,
12727500,15.13690185546875,
12736500,18.7278289794921875,
12745500,14.321807861328125,
12754500,17.83429718017578125,
12763500,14.46024322509765625,
12772500,16.618896484375,
12781500,17.18950653076171875,
12790500,17.703369140625,
12799500,15.7293548583984375,
12808500,17.42823028564453125,
12817500,14.14899444580078125,
12826500,15.2900390625,
12835500,14.30670928955078125,
12844500,17.69414520263671875,
12853500,17.92244720458984375,
12862500,19.27022552490234375,
12871500,19.02147674560546875,
12880500,15.44390869140625,
12889500,18.79546356201171875,
12898500,19.59127044677734375,
12907500,18.16131591796875,
12916500,19.08600616455078125,
12925500,17.95125579833984375,
12934500,17.659820556640625,
12943500,21.23094940185546875,
12952500,18.20529937744140625,
12961500,17.07030487060546875,
12970500,17.1177825927734375,
12979500,19.662750244140625,
12988500,20.42089080810546875,
12997500,20.7338409423828125,
13006500,20.0326995849609375,
13015500,15.249725341796875,
13024500,18.2272491455078125,
13033500,17.13338470458984375,
13042500,18.5474700927734375,
13051500,18.24788665771484375,
13060500,20.47216796875,
13069500,18.47760009765625,
13078500,18.289337158203125,
13087500,16.5460357666015625,
13096500,17.784881591796875,
13105500,20.24523162841796875,
13114500,19.909576416015625,
13123500,17.79782867431640625,
13132500,18.2406463623046875,
13141500,17.7182464599609375,
13150500,18.84796905517578125,
13159500,21.97186279296875,
13168500,19.0408172607421875,
13177500,16.7800445556640625,
13186500,18.65253448486328125,
13195500,21.0072174072265625,
13204500,17.7333221435546875,
13213500,20.92559051513671875,
13222500,18.62115478515625,
13231500,16.9525299072265625,
13240500,17.37012481689453125,
13249500,17.4456787109375,
13258500,18.70430755615234375,
13267500,20.95676422119140625,
13276500,19.01568603515625,
13285500,18.8288421630859375,
13294500,16.4749298095703125,
13303500,17.28118896484375,
13312500,17.46102142333984375,
13321500,19.87474822998046875,
13330500,17.691070556640625,
13339500,17.1855010986328125,
13348500,17.00431060791015625,
13357500,18.40425872802734375,
13366500,18.2689361572265625,
13375500,20.09535980224609375,
13384500,16.21268463134765625,
13393500,18.32648468017578125,
13402500,18.61223602294921875,
13411500,17.51190948486328125,
13420500,20.0658111572265625,
13429500,20.763519287109375,
13438500,18.595489501953125,
13447500,20.09951019287109375,
13456500,14.95311737060546875,
13465500,20.6527862548828125,
13474500,20.39007568359375,
13483500,20.90666961669921875,
13492500,18.1949920654296875,
13501500,18.67075347900390625,
13510500,18.7552947998046875,
13519500,20.72026824951171875,
13528500,21.58392333984375,
13537500,21.682220458984375,
13546500,21.73978424072265625,
13555500,19.94243621826171875,
13564500,20.1362457275390625,
13573500,18.57525634765625,
13582500,23.37206268310546875,
13591500,20.66778564453125,
13600500,19.3032379150390625,
13609500,20.221221923828125,
13618500,21.27512359619140625,
13627500,20.4254913330078125,
13636500,22.82965087890625,
13645500,18.79950714111328125,
13654500,18.65718841552734375,
13663500,18.93854522705078125,
13672500,17.36756134033203125,
13681500,19.8064422607421875,
13690500,23.6799774169921875,
13699500,19.71657562255859375,
13708500,21.005340576171875,
13717500,19.75628662109375,
13726500,21.5378570556640625,
13735500,20.9799957275390625,
13744500,22.50601959228515625,
13753500,17.1595916748046875,
13762500,17.89507293701171875,
13771500,18.96428680419921875,
13780500,21.2607879638671875,
13789500,21.7352752685546875,
13798500,25.14795684814453125,
13807500,20.06884002685546875,
13816500,23.32982635498046875,
13825500,17.65808868408203125,
13834500,19.35129547119140625,
13843500,23.0514678955078125,
13852500,23.508575439453125,
13861500,20.21425628662109375,
13870500,21.33928680419921875,
13879500,20.32334136962890625,
13888500,20.99784088134765625,
13897500,19.90004730224609375,
13906500,19.008209228515625,
13915500,19.079803466796875,
13924500,20.64153289794921875,
13933500,20.97772979736328125,
13942500,21.04396820068359375,
13951500,23.343292236328125,
13960500,17.263275146484375,
13969500,20.1229705810546875,
13978500,20.51085662841796875,
13987500,18.58026885986328125,
13996500,18.80864715576171875,
14005500,20.4174041748046875,
14014500,20.0523529052734375,
14023500,20.7694549560546875,
14032500,19.1370849609375,
14041500,19.74957275390625,
14050500,18.02043914794921875,
14059500,20.94658660888671875,
14068500,18.9082489013671875,
14077500,19.13919830322265625,
14086500,18.10587310791015625,
14095500,19.372802734375,
14104500,18.5265655517578125,
14113500,21.97599029541015625,
14122500,16.50547027587890625,
14131500,21.09304046630859375,
14140500,22.09930419921875,
14149500,19.91754913330078125,
14158500,18.4837799072265625,
14167500,21.917633056640625,
14176500,18.12538909912109375,
14185500,21.51312255859375,
14194500,19.6114959716796875,
14203500,20.824188232421875,
14212500,20.72019195556640625,
14221500,21.692230224609375,
14230500,17.1919097900390625,
14239500,19.7038726806640625,
14248500,19.57567596435546875,
14257500,20.55587005615234375,
14266500,18.5850677490234375,
14275500,19.0085601806640625,
14284500,18.14664459228515625,
14293500,21.276336669921875,
14302500,17.3878173828125,
14311500,16.12702178955078125,
14320500,18.48661041259765625,
14329500,19.08902740478515625,
14338500,17.25244903564453125,
14347500,17.35303497314453125,
14356500,19.621612548828125,
14365500,17.3299407958984375,
14374500,21.62641143798828125,
14383500,17.23319244384765625,
14392500,17.44775390625,
14401500,18.2630615234375,
14410500,18.08368682861328125,
14419500,15.8160858154296875,
14428500,20.52460479736328125,
14437500,16.945068359375,
14446500,17.4098663330078125,
14455500,18.25531768798828125,
14464500,20.10050201416015625,
14473500,18.95467376708984375,
14482500,21.26409912109375,
14491500,18.1696319580078125,
14500500,18.070220947265625,
14509500,20.592529296875,
14518500,15.4180145263671875,
14527500,17.3827362060546875,
14536500,18.92635345458984375,
14545500,17.7822723388671875,
14554500,18.47725677490234375,
14563500,19.89383697509765625,
14572500,17.7479400634765625,
14581500,18.74017333984375,
14590500,18.90196990966796875,
14599500,14.7178802490234375,
14608500,16.86499786376953125,
14617500,18.26262664794921875,
14626500,18.56629180908203125,
14635500,17.66803741455078125,
14644500,19.49854278564453125,
14653500,15.69948577880859375,
14662500,18.5626220703125,
14671500,14.399383544921875,
14680500,15.304168701171875,
14689500,16.26015472412109375,
14698500,19.07028961181640625,
14707500,15.834075927734375,
14716500,17.7158050537109375,
14725500,15.04361724853515625,
14734500,16.84771728515625,
14743500,18.37340545654296875,
14752500,19.00395965576171875,
14761500,19.4881439208984375,
14770500,19.1158447265625,
14779500,23.4568328857421875,
14788500,16.8085784912109375,
14797500,18.93349456787109375,
14806500,17.27707672119140625,
14815500,20.719329833984375,
14824500,17.6768341064453125,
14833500,16.52547454833984375,
14842500,14.70807647705078125,
14851500,18.97003173828125,
14860500,16.812652587890625,
14869500,15.31539154052734375,
14878500,13.3997802734375,
14887500,20.6358795166015625,
14896500,20.952056884765625,
14905500,17.48239898681640625,
14914500,15.38649749755859375,
14923500,17.8701934814453125,
14932500,22.10639190673828125,
14941500,13.91460418701171875,
14950500,16.0228424072265625,
14959500,17.39757537841796875,
14968500,19.7126312255859375,
14977500,14.25844573974609375,
14986500,16.25299835205078125,
14995500,15.98067474365234375,
15004500,17.39778900146484375,
15013500,19.7084503173828125,
15022500,15.62490081787109375,
15031500,12.80963897705078125,
15040500,18.66289520263671875,
15049500,23.93792724609375,
15058500,16.44129180908203125,
15067500,17.296417236328125,
15076500,14.12177276611328125,
15085500,21.03868865966796875,
15094500,16.210906982421875,
15103500,14.1035003662109375,
15112500,15.50446319580078125,
15121500,19.2137298583984375,
15130500,16.90667724609375,
15139500,16.02993011474609375,
15148500,15.83437347412109375,
15157500,20.42456817626953125,
15166500,21.04842376708984375,
15175500,14.3968658447265625,
15184500,16.40990447998046875,
15193500,18.3760223388671875,
15202500,23.4129791259765625,
15211500,15.0419158935546875,
15220500,18.32196044921875,
15229500,17.24700927734375,
15238500,20.0590057373046875,
15247500,15.28780364990234375,
15256500,17.66693115234375,
15265500,16.117156982421875,
15274500,16.55812835693359375,
15283500,18.87226104736328125,
15292500,14.8066253662109375,
15301500,18.59618377685546875,
15310500,18.49732208251953125,
15319500,23.58824920654296875,
15328500,17.4844512939453125,
15337500,19.7894439697265625,
15346500,15.184814453125,
15355500,19.45121002197265625,
15364500,18.7293548583984375,
15373500,22.2611236572265625,
15382500,19.54920196533203125,
15391500,19.7339019775390625,
15400500,18.09958648681640625,
15409500,15.69793701171875,
15418500,19.17145538330078125,
15427500,20.636688232421875,
15436500,20.2088165283203125,
15445500,19.7160797119140625,
15454500,24.097869873046875,
15463500,17.70172119140625,
15472500,18.8597412109375,
15481500,15.91135406494140625,
15490500,21.16961669921875,
15499500,19.0696868896484375,
15508500,17.20244598388671875,
15517500,16.4705352783203125,
15526500,21.96517181396484375,
15535500,21.0684814453125,
15544500,17.38332366943359375,
15553500,13.30860137939453125,
15562500,19.7281646728515625,
15571500,20.8982696533203125,
15580500,15.66150665283203125,
15589500,17.195343017578125,
15598500,21.0749359130859375,
15607500,24.77999114990234375,
15616500,17.01686859130859375,
15625500,19.16062164306640625,
15634500,16.41907501220703125,
15643500,23.15886688232421875,
15652500,19.75600433349609375,
15661500,17.55675506591796875,
15670500,16.77230072021484375,
15679500,18.18222808837890625,
15688500,19.8813934326171875,
15697500,18.0980377197265625,
15706500,18.6039886474609375,
15715500,21.4349822998046875,
15724500,27.13872528076171875,
15733500,16.88266754150390625,
15742500,17.980987548828125,
15751500,17.32440948486328125,
15760500,22.55030059814453125,
15769500,19.9323883056640625,
15778500,14.26555633544921875,
15787500,18.50945281982421875,
15796500,23.8344573974609375,
15805500,21.60511016845703125,
15814500,15.08172607421875,
15823500,16.9838714599609375,
15832500,22.94211578369140625,
15841500,23.189056396484375,
15850500,16.4633941650390625,
15859500,20.235504150390625,
15868500,20.89180755615234375,
15877500,25.69838714599609375,
15886500,18.84272003173828125,
15895500,20.50429534912109375,
15904500,19.5076751708984375,
15913500,22.7479095458984375,
15922500,18.44547271728515625,
15931500,17.493255615234375,
15940500,18.7436981201171875,
15949500,18.96435546875,
15958500,21.52294921875,
15967500,17.7948760986328125,
15976500,23.98790740966796875,
15985500,26.0852508544921875,
15994500,28.78049468994140625,
16003500,19.80204010009765625,
16012500,21.03612518310546875,
16021500,18.9003753662109375,
16030500,21.509307861328125,
16039500,19.9752197265625,
16048500,16.3516082763671875,
16057500,18.53731536865234375,
16066500,26.21759033203125,
16075500,21.6537933349609375,
16084500,16.20398712158203125,
16093500,17.5173492431640625,
16102500,23.4424896240234375,
16111500,23.9425048828125,
16120500,19.821319580078125,
16129500,24.11518096923828125,
16138500,21.2251739501953125,
16147500,24.9560546875,
16156500,22.0139312744140625,
16165500,21.4081878662109375,
16174500,22.4675445556640625,
16183500,21.5360107421875,
16192500,18.839752197265625,
16201500,19.99588775634765625,
16210500,20.95307159423828125,
16219500,19.89765167236328125,
16228500,19.68032073974609375,
16237500,17.01827239990234375,
16246500,20.47161865234375,
16255500,20.14723968505859375,
16264500,25.93791961669921875,
16273500,20.01055145263671875,
16282500,23.51334381103515625,
16291500,18.0389404296875,
16300500,19.2060394287109375,
16309500,18.9473114013671875,
16318500,20.087249755859375,
16327500,22.7264556884765625,
16336500,23.51593017578125,
16345500,19.16652679443359375,
16354500,15.6763916015625,
16363500,16.61742401123046875,
16372500,20.580535888671875,
16381500,21.10536956787109375,
16390500,20.46160888671875,
16399500,27.1419525146484375,
16408500,21.87035369873046875,
16417500,21.41233062744140625,
16426500,21.83438873291015625,
16435500,21.38132476806640625,
16444500,21.09743499755859375,
16453500,17.36075592041015625,
16462500,18.14023590087890625,
16471500,24.390716552734375,
16480500,23.2066802978515625,
16489500,21.28032684326171875,
16498500,19.28943634033203125,
16507500,21.97750091552734375,
16516500,23.96428680419921875,
16525500,16.7802276611328125,
16534500,21.926116943359375,
16543500,20.2665557861328125,
16552500,25.4732666015625,
16561500,17.5692291259765625,
16570500,19.08812713623046875,
16579500,18.63871002197265625,
16588500,21.89330291748046875,
16597500,21.29400634765625,
16606500,23.66629791259765625,
16615500,19.7269439697265625,
16624500,21.21405792236328125,
16633500,19.80776214599609375,
16642500,18.6321258544921875,
16651500,21.70122528076171875,
16660500,21.70687103271484375,
16669500,29.0406951904296875,
16678500,21.84432220458984375,
16687500,24.007232666015625,
16696500,22.28997039794921875,
16705500,22.83237457275390625,
16714500,22.034576416015625,
16723500,18.13834381103515625,
16732500,20.96988677978515625,
16741500,26.2065582275390625,
16750500,23.23779296875,
16759500,17.8304901123046875,
16768500,17.8491058349609375,
16777500,24.44066619873046875,
16786500,23.42559051513671875,
16795500,18.898223876953125,
16804500,25.11705780029296875,
16813500,24.38299560546875,
16822500,28.1731414794921875,
16831500,18.62168121337890625,
16840500,20.960723876953125,
16849500,22.263427734375,
16858500,24.61199188232421875,
16867500,22.2371826171875,
16876500,21.146484375,
16885500,23.26850128173828125,
16894500,23.60269927978515625,
16903500,20.783905029296875,
16912500,18.17296600341796875,
16921500,21.55011749267578125,
16930500,23.07979583740234375,
16939500,30.1712799072265625,
16948500,21.3004302978515625,
16957500,26.30428314208984375,
16966500,23.04627227783203125,
16975500,23.61797332763671875,
16984500,22.650146484375,
16993500,21.564697265625,
17002500,24.63866424560546875,
17011500,28.11167144775390625,
17020500,25.89253997802734375,
17029500,20.62795257568359375,
17038500,18.74968719482421875,
17047500,25.78726959228515625,
17056500,24.1056976318359375,
17065500,20.56894683837890625,
17074500,28.68924713134765625,
17083500,25.97899627685546875,
17092500,27.62462615966796875,
17101500,19.182037353515625,
17110500,23.62870025634765625,
17119500,24.70378875732421875,
17128500,22.97124481201171875,
17137500,21.80623626708984375,
17146500,24.45241546630859375,
17155500,24.99402618408203125,
17164500,23.90077972412109375,
17173500,21.7076416015625,
17182500,22.1937255859375,
17191500,23.1060791015625,
17200500,22.284271240234375,
17209500,28.96877288818359375,
17218500,30.9100341796875,
17227500,28.027618408203125,
17236500,22.11908721923828125,
17245500,22.0586090087890625,
17254500,22.910247802734375,
17263500,23.8892059326171875,
17272500,26.82221221923828125,
17281500,27.8160552978515625,
17290500,25.10839080810546875,
17299500,22.490264892578125,
17308500,20.2086181640625,
17317500,24.47705841064453125,
17326500,22.57663726806640625,
17335500,22.427978515625,
17344500,29.668975830078125,
17353500,26.24413299560546875,
17362500,24.9629058837890625,
17371500,21.28031158447265625,
17380500,24.4483184814453125,
17389500,25.646148681640625,
17398500,21.905242919921875,
17407500,24.18988037109375,
17416500,27.40265655517578125,
17425500,25.88637542724609375,
17434500,22.543121337890625,
17443500,21.40612030029296875,
17452500,25.324554443359375,
17461500,24.23896026611328125,
17470500,20.2520904541015625,
17479500,26.19384002685546875,
17488500,25.06768035888671875,
17497500,28.67218017578125,
17506500,20.76598358154296875,
17515500,22.74443817138671875,
17524500,23.53270721435546875,
17533500,24.32381439208984375,
17542500,25.05500030517578125,
17551500,25.5030975341796875,
17560500,25.27504730224609375,
17569500,26.49320220947265625,
17578500,23.80389404296875,
17587500,20.443328857421875,
17596500,21.92456817626953125,
17605500,24.13353729248046875,
17614500,29.568206787109375,
17623500,24.230743408203125,
17632500,26.241241455078125,
17641500,23.1332244873046875,
17650500,26.2873687744140625,
17659500,26.16559600830078125,
17668500,22.683837890625,
17677500,26.30999755859375,
17686500,29.3521881103515625,
17695500,26.436431884765625,
17704500,20.08376312255859375,
17713500,20.07003021240234375,
17722500,26.82656097412109375,
17731500,25.7979888916015625,
17740500,20.7386627197265625,
17749500,28.51503753662109375,
17758500,27.3652801513671875,
17767500,28.359619140625,
17776500,19.7447357177734375,
17785500,25.36887359619140625,
17794500,26.1989898681640625,
17803500,22.978515625,
17812500,22.98340606689453125,
17821500,24.48382568359375,
17830500,29.0768585205078125,
17839500,28.10770416259765625,
17848500,24.58708953857421875,
17857500,20.83069610595703125,
17866500,24.11553192138671875,
17875500,23.9471435546875,
17884500,28.2934417724609375,
17893500,22.45667266845703125,
17902500,26.6440582275390625,
17911500,24.65383148193359375,
17920500,25.83269500732421875,
17929500,24.6186370849609375,
17938500,25.3802642822265625,
17947500,27.76187896728515625,
17956500,29.0424652099609375,
17965500,26.7714996337890625,
17974500,24.0738067626953125,
17983500,23.05109405517578125,
17992500,27.374664306640625,
18001500,25.4127197265625,
18010500,20.86980438232421875,
18019500,28.96251678466796875,
18028500,26.8575592041015625,
18037500,26.46575927734375,
18046500,20.43276214599609375,
18055500,25.78115081787109375,
18064500,26.60650634765625,
18073500,21.00258636474609375,
18082500,21.184722900390625,
18091500,25.9677886962890625,
18100500,27.6334075927734375,
18109500,26.42041015625,
18118500,24.79100799560546875,
18127500,24.46656036376953125,
18136500,24.14562225341796875,
18145500,23.780181884765625,
18154500,26.18300628662109375,
18163500,22.7034759521484375,
18172500,27.55490875244140625,
18181500,23.54412841796875,
18190500,23.7521820068359375,
18199500,25.00318145751953125,
18208500,25.084381103515625,
18217500,27.38855743408203125,
18226500,27.33779144287109375,
18235500,26.55234527587890625,
18244500,25.0033721923828125,
18253500,24.1741790771484375,
18262500,24.37204742431640625,
18271500,22.75357818603515625,
18280500,21.469696044921875,
18289500,28.402862548828125,
18298500,27.6148681640625,
18307500,24.9659576416015625,
18316500,23.508819580078125,
18325500,26.90621185302734375,
18334500,26.88085174560546875,
18343500,23.24335479736328125,
18352500,25.830963134765625,
18361500,27.8725738525390625,
18370500,26.8163299560546875,
18379500,24.2863922119140625,
18388500,24.03166961669921875,
18397500,25.89095306396484375,
18406500,24.92810821533203125,
18415500,21.4058380126953125,
18424500,26.5391082763671875,
18433500,26.55847930908203125,
18442500,28.70328521728515625,
18451500,27.919677734375,
18460500,25.9053497314453125,
18469500,32.60865020751953125,
18478500,26.22241973876953125,
18487500,25.51833343505859375,
18496500,26.85497283935546875,
18505500,27.7244720458984375,
18514500,27.55095672607421875,
18523500,25.08998870849609375,
18532500,21.61252593994140625,
18541500,23.86153411865234375,
18550500,24.46404266357421875,
18559500,27.0227813720703125,
18568500,23.9224090576171875,
18577500,26.9128875732421875,
18586500,26.34942626953125,
18595500,27.44585418701171875,
18604500,25.89466094970703125,
18613500,25.4732513427734375,
18622500,29.02877044677734375,
18631500,28.6509857177734375,
18640500,26.486480712890625,
18649500,25.3324737548828125,
18658500,26.93451690673828125,
18667500,27.57745361328125,
18676500,25.382598876953125,
18685500,19.275787353515625,
18694500,28.05501556396484375,
18703500,28.26734161376953125,
18712500,25.69709014892578125,
18721500,21.816314697265625,
18730500,27.31954193115234375,
18739500,28.25418853759765625,
18748500,22.13539886474609375,
18757500,22.2108612060546875,
18766500,25.7342071533203125,
18775500,28.31673431396484375,
18784500,26.95017242431640625,
18793500,25.19857025146484375,
18802500,21.50079345703125,
18811500,25.8595428466796875,
18820500,25.55694580078125,
18829500,24.26070404052734375,
18838500,20.7788543701171875,
18847500,26.91155242919921875,
18856500,26.41080474853515625,
18865500,26.45862579345703125,
18874500,24.34157562255859375,
18883500,25.97563934326171875,
18892500,29.427215576171875,
18901500,26.82929229736328125,
18910500,24.79441070556640625,
18919500,25.4755706787109375,
18928500,26.94178009033203125,
18937500,26.689239501953125,
18946500,24.2203216552734375,
18955500,19.5947418212890625,
18964500,26.68575286865234375,
18973500,28.37145233154296875,
18982500,23.151947021484375,
18991500,21.4785003662109375,
19000500,26.084869384765625,
19009500,27.72217559814453125,
19018500,19.98691558837890625,
19027500,21.6037445068359375,
19036500,24.5041961669921875,
19045500,26.53946685791015625,
19054500,24.28220367431640625,
19063500,28.5031585693359375,
19072500,25.6827392578125,
19081500,25.31034088134765625,
19090500,24.71010589599609375,
19099500,21.8257598876953125,
19108500,21.86383056640625,
19117500,24.26030731201171875,
19126500,23.775054931640625,
19135500,24.2655487060546875,
19144500,21.947052001953125,
19153500,23.29621124267578125,
19162500,25.92697906494140625,
19171500,24.37752532958984375,
19180500,25.02463531494140625,
19189500,24.79364776611328125,
19198500,24.94182586669921875,
19207500,22.1552276611328125,
19216500,19.71334075927734375,
19225500,20.691741943359375,
19234500,22.8865509033203125,
19243500,24.90097808837890625,
19252500,20.67620086669921875,
19261500,22.22830963134765625,
19270500,24.35497283935546875,
19279500,23.7117767333984375,
19288500,20.3329315185546875,
19297500,23.605621337890625,
19306500,22.9299774169921875,
19315500,23.02790069580078125,
19324500,18.9246826171875,
19333500,22.82181549072265625,
19342500,23.88735198974609375,
19351500,22.1275482177734375,
19360500,17.71871185302734375,
19369500,20.417449951171875,
19378500,21.68361663818359375,
19387500,20.44281005859375,
19396500,19.086456298828125,
19405500,22.80452728271484375,
19414500,22.8139495849609375,
19423500,19.501739501953125,
19432500,19.31871795654296875,
19441500,22.05950927734375,
19450500,24.262969970703125,
19459500,22.5133209228515625,
19468500,20.51598358154296875,
19477500,17.77814483642578125,
19486500,18.53960418701171875,
19495500,19.3686370849609375,
19504500,17.9022216796875,
19513500,18.3817138671875,
19522500,18.74947357177734375,
19531500,20.6855621337890625,
19540500,21.3579559326171875,
19549500,19.21645355224609375,
19558500,20.49922943115234375,
19567500,23.286224365234375,
19576500,20.034759521484375,
19585500,16.99514007568359375,
19594500,19.073089599609375,
19603500,23.0565032958984375,
19612500,21.703399658203125,
19621500,19.61954498291015625,
19630500,15.08960723876953125,
19639500,18.60781097412109375,
19648500,21.97599029541015625,
19657500,17.95328521728515625,
19666500,20.21019744873046875,
19675500,25.002349853515625,
19684500,21.368377685546875,
19693500,16.50420379638671875,
19702500,15.8590240478515625,
19711500,20.59420013427734375,
19720500,20.2142486572265625,
19729500,16.85809326171875,
19738500,17.4088287353515625,
19747500,16.79560089111328125,
19756500,19.6266632080078125,
19765500,19.10668182373046875,
19774500,17.41402435302734375,
19783500,15.17081451416015625,
19792500,16.896881103515625,
19801500,20.97753143310546875,
19810500,18.32666015625,
19819500,19.0050201416015625,
19828500,19.53730010986328125,
19837500,20.17368316650390625,
19846500,16.40636444091796875,
19855500,15.52872467041015625,
19864500,18.1415863037109375,
19873500,20.76859283447265625,
19882500,18.35628509521484375,
19891500,17.4761199951171875,
19900500,15.12261962890625,
19909500,14.46088409423828125,
19918500,16.315948486328125,
19927500,15.50099945068359375,
19936500,18.689483642578125,
19945500,18.24567413330078125,
19954500,17.2535552978515625,
19963500,12.7394256591796875,
19972500,14.7639923095703125,
19981500,17.0521240234375,
19990500,18.24741363525390625,
19999500,12.068939208984375,
20008500,15.3478240966796875,
20017500,14.0926055908203125,
20026500,17.3030548095703125,
20035500,17.1413726806640625,
20044500,15.4187469482421875,
20053500,14.49709320068359375,
20062500,15.453765869140625,
20071500,13.87886810302734375,
20080500,16.2920379638671875,
20089500,18.715789794921875,
20098500,18.6916351318359375,
20107500,17.60439300537109375,
20116500,16.5248870849609375,
20125500,14.15355682373046875,
20134500,18.2098846435546875,
20143500,19.99582672119140625,
20152500,18.08660125732421875,
20161500,16.1722869873046875,
20170500,16.7616424560546875,
20179500,13.3931884765625,
20188500,16.229827880859375,
20197500,19.84369659423828125,
20206500,16.99147796630859375,
20215500,17.0852508544921875,
20224500,14.5291748046875,
20233500,15.079376220703125,
20242500,19.169189453125,
20251500,19.1070709228515625,
20260500,14.81036376953125,
20269500,12.0699310302734375,
20278500,15.12801361083984375,
20287500,18.0102081298828125,
20296500,19.0592193603515625,
20305500,18.6550445556640625,
20314500,16.1923828125,
20323500,16.58457183837890625,
20332500,17.5285797119140625,
20341500,15.8087921142578125,
20350500,19.74236297607421875,
20359500,21.03659820556640625,
20368500,16.400238037109375,
20377500,16.59380340576171875,
20386500,17.21673583984375,
20395500,19.7639312744140625,
20404500,18.22090911865234375,
20413500,17.15192413330078125,
20422500,15.8560333251953125,
20431500,16.0702667236328125,
20440500,16.0457916259765625,
20449500,14.88135528564453125,
20458500,18.877777099609375,
20467500,15.81735992431640625,
20476500,18.0035552978515625,
20485500,18.5328826904296875,
20494500,13.9399871826171875,
20503500,17.31168365478515625,
20512500,21.12952423095703125,
20521500,18.13288116455078125,
20530500,17.01052093505859375,
20539500,18.8012847900390625,
20548500,22.02954864501953125,
20557500,21.9379730224609375,
20566500,22.78031158447265625,
20575500,18.59143829345703125,
20584500,16.6621856689453125,
20593500,21.4398040771484375,
20602500,16.70165252685546875,
20611500,19.818695068359375,
20620500,23.21254730224609375,
20629500,21.25481414794921875,
20638500,17.1971893310546875,
20647500,16.36194610595703125,
20656500,17.9238128662109375,
20665500,20.58647918701171875,
20674500,22.01956939697265625,
20683500,19.76700592041015625,
20692500,20.53903961181640625,
20701500,20.38226318359375,
20710500,18.85167694091796875,
20719500,20.68121337890625,
20728500,21.51599884033203125,
20737500,20.44089508056640625,
20746500,21.4732513427734375,
20755500,20.36742401123046875,
20764500,18.5359039306640625,
20773500,22.940521240234375,
20782500,22.161834716796875,
20791500,17.35332489013671875,
20800500,19.27337646484375,
20809500,21.21538543701171875,
20818500,23.33452606201171875,
20827500,23.98494720458984375,
20836500,22.21356964111328125,
20845500,19.0814361572265625,
20854500,18.69769287109375,
20863500,20.4745941162109375,
20872500,19.60228729248046875,
20881500,23.6902618408203125,
20890500,23.6149139404296875,
20899500,20.9368896484375,
20908500,20.98592376708984375,
20917500,18.80101776123046875,
20926500,20.36478424072265625,
20935500,23.48325347900390625,
20944500,19.78244781494140625,
20953500,18.5404205322265625,
20962500,21.83705902099609375,
20971500,19.3364715576171875,
20980500,19.3771820068359375,
20989500,21.80933380126953125,
20998500,21.61092376708984375,
21007500,20.582794189453125,
21016500,18.8499908447265625,
21025500,19.79007720947265625,
21034500,22.08133697509765625,
21043500,25.537841796875,
21052500,21.86112213134765625,
21061500,19.9668426513671875,
21070500,21.33185577392578125,
21079500,20.8176422119140625,
21088500,21.7752227783203125,
21097500,23.43422698974609375,
21106500,21.1248016357421875,
21115500,20.53983306884765625,
21124500,19.1181640625,
21133500,21.0574493408203125,
21142500,23.41384124755859375,
21151500,23.181304931640625,
21160500,22.06221771240234375,
21169500,19.20426177978515625,
21178500,17.2649078369140625,
21187500,22.4278411865234375,
21196500,22.736968994140625,
21205500,21.2154693603515625,
21214500,19.0774688720703125,
21223500,22.67572784423828125,
21232500,21.153533935546875,
21241500,20.881256103515625,
21250500,24.027923583984375,
21259500,21.04850006103515625,
21268500,20.53841400146484375,
21277500,19.10109710693359375,
21286500,18.22006988525390625,
21295500,22.38806915283203125,
21304500,23.7935333251953125,
21313500,22.997772216796875,
21322500,18.14768218994140625,
21331500,18.325531005859375,
21340500,19.28008270263671875,
21349500,19.36480712890625,
21358500,21.712860107421875,
21367500,17.5362396240234375,
21376500,19.72353363037109375,
21385500,21.08487701416015625,
21394500,19.102996826171875,
21403500,20.3807830810546875,
21412500,21.9180450439453125,
21421500,20.952972412109375,
21430500,20.17922210693359375,
21439500,18.17768096923828125,
21448500,20.94863128662109375,
21457500,23.262359619140625,
21466500,21.58123016357421875,
21475500,21.4668731689453125,
21484500,21.84686279296875,
21493500,23.30810546875,
21502500,21.1436004638671875,
21511500,21.8481292724609375,
21520500,25.31246185302734375,
21529500,23.25699615478515625,
21538500,20.38580322265625,
21547500,16.9114227294921875,
21556500,18.6593170166015625,
21565500,22.6567535400390625,
21574500,22.30826568603515625,
21583500,18.34680938720703125,
21592500,19.1288299560546875,
21601500,18.7487335205078125,
21610500,20.69405364990234375,
21619500,21.51514434814453125,
21628500,22.14298248291015625,
21637500,19.1651153564453125,
21646500,17.6385345458984375,
21655500,18.16146087646484375,
21664500,20.35565185546875,
21673500,21.1430816650390625,
21682500,19.2109222412109375,
21691500,19.7098236083984375,
21700500,20.05176544189453125,
21709500,19.0926513671875,
21718500,22.20275115966796875,
21727500,23.202850341796875,
21736500,20.5382232666015625,
21745500,17.84529876708984375,
21754500,20.09951019287109375,
21763500,22.12609100341796875,
21772500,21.99681854248046875,
21781500,22.05303192138671875,
21790500,23.2952880859375,
21799500,21.61767578125,
21808500,20.2416534423828125,
21817500,17.65753936767578125,
21826500,21.22650146484375,
21835500,22.3005218505859375,
21844500,20.14905548095703125,
21853500,18.3860321044921875,
21862500,21.10467529296875,
21871500,18.35361480712890625,
21880500,20.952178955078125,
21889500,22.15659332275390625,
21898500,18.788330078125,
21907500,19.47978973388671875,
21916500,18.80301666259765625,
21925500,18.175933837890625,
21934500,21.46240997314453125,
21943500,22.19530487060546875,
21952500,20.08541107177734375,
21961500,17.65724945068359375,
21970500,18.66329193115234375,
21979500,18.60280609130859375,
21988500,21.60549163818359375,
21997500,19.90549468994140625,
22006500,18.02999114990234375,
22015500,19.2405853271484375,
22024500,19.13512420654296875,
22033500,21.19341278076171875,
22042500,20.17652130126953125,
22051500,20.2760162353515625,
22060500,19.740570068359375,
22069500,19.1444549560546875,
22078500,18.0751190185546875,
22087500,18.57318115234375,
22096500,20.79149627685546875,
22105500,21.42058563232421875,
22114500,15.7657318115234375,
22123500,14.520599365234375,
22132500,20.1768341064453125,
22141500,21.288604736328125,
22150500,17.97605133056640625,
22159500,17.84661102294921875,
22168500,18.97675323486328125,
22177500,18.3531036376953125,
22186500,16.761474609375,
22195500,17.19532012939453125,
22204500,19.53153228759765625,
22213500,17.60794830322265625,
22222500,16.0308837890625,
22231500,15.40602874755859375,
22240500,18.887725830078125,
22249500,19.04685211181640625,
22258500,20.72118377685546875,
22267500,18.96944427490234375,
22276500,18.482513427734375,
22285500,18.40840911865234375,
22294500,17.16951751708984375,
22303500,19.41889190673828125,
22312500,19.43386077880859375,
22321500,18.213531494140625,
22330500,18.210968017578125,
22339500,16.25748443603515625,
22348500,16.896331787109375,
22357500,17.4298095703125,
22366500,18.27864837646484375,
22375500,17.97983551025390625,
22384500,16.18487548828125,
22393500,15.7079010009765625,
22402500,18.66628265380859375,
22411500,18.569122314453125,
22420500,20.69199371337890625,
22429500,19.8647613525390625,
22438500,20.73645782470703125,
22447500,17.7109375,
22456500,18.71997833251953125,
22465500,20.803253173828125,
22474500,18.74755859375,
22483500,16.31725311279296875,
22492500,15.45186614990234375,
22501500,15.989044189453125,
22510500,17.98728179931640625,
22519500,16.8352508544921875,
22528500,16.5244598388671875,
22537500,17.033294677734375,
22546500,16.682769775390625,
22555500,16.05316162109375,
22564500,17.54062652587890625,
22573500,18.8441314697265625,
22582500,19.9381256103515625,
22591500,15.33632659912109375,
22600500,15.7058563232421875,
22609500,17.25392913818359375,
22618500,19.39080810546875,
22627500,18.11724853515625,
22636500,14.55661773681640625,
22645500,16.99123382568359375,
22654500,16.93123626708984375,
22663500,18.23213958740234375,
22672500,18.6250457763671875,
22681500,19.95406341552734375,
22690500,18.778289794921875,
22699500,18.66201019287109375,
22708500,19.59661865234375,
22717500,14.63220977783203125,
22726500,17.23638153076171875,
22735500,20.2800750732421875,
22744500,18.896087646484375,
22753500,19.85579681396484375,
22762500,16.434112548828125,
22771500,17.04074859619140625,
22780500,19.54681396484375,
22789500,17.905029296875,
22798500,15.641082763671875,
22807500,20.81865692138671875,
22816500,18.3334197998046875,
22825500,15.3831939697265625,
22834500,15.6511383056640625,
22843500,16.38668060302734375,
22852500,18.11627960205078125,
22861500,14.30365753173828125,
22870500,15.434326171875,
22879500,17.04981231689453125,
22888500,17.25099945068359375,
22897500,16.0344696044921875,
22906500,16.06908416748046875,
22915500,16.51593017578125,
22924500,14.69992828369140625,
22933500,17.69373321533203125,
22942500,18.10089874267578125,
22951500,16.65576934814453125,
22960500,14.84746551513671875,
22969500,17.97783660888671875,
22978500,18.51293182373046875,
22987500,15.04620361328125,
22996500,17.2712554931640625,
23005500,17.5131072998046875,
23014500,18.104522705078125,
23023500,16.35102081298828125,
23032500,14.34577178955078125,
23041500,15.24954986572265625,
23050500,17.51715087890625,
23059500,13.9195098876953125,
23068500,13.47344207763671875,
23077500,17.3520660400390625,
23086500,16.72008514404296875,
23095500,16.25339508056640625,
23104500,17.1101226806640625,
23113500,17.47562408447265625,
23122500,16.21074676513671875,
23131500,14.0414276123046875,
23140500,15.48249053955078125,
23149500,17.04151153564453125,
23158500,17.8976593017578125,
23167500,16.01601409912109375,
23176500,13.32030487060546875,
23185500,15.46964263916015625,
23194500,10.821075439453125,
23203500,13.8118743896484375,
23212500,16.23316192626953125,
23221500,14.9141693115234375,
23230500,15.07372283935546875,
23239500,13.19045257568359375,
23248500,16.3473358154296875,
23257500,15.8157806396484375,
23266500,15.0064849853515625,
23275500,13.306793212890625,
23284500,15.53151702880859375,
23293500,16.3825531005859375,
23302500,14.5052032470703125,
23311500,16.055450439453125,
23320500,16.7960357666015625,
23329500,12.89005279541015625,
23338500,13.35208892822265625,
23347500,15.0933685302734375,
23356500,15.005035400390625,
23365500,18.137420654296875,
23374500,15.71453857421875,
23383500,14.3361053466796875,
23392500,11.76273345947265625,
23401500,13.12005615234375,
23410500,16.3334808349609375,
23419500,15.4964752197265625,
23428500,14.53057861328125,
23437500,14.90013885498046875,
23446500,14.170867919921875,
23455500,15.16362762451171875,
23464500,11.16222381591796875,
23473500,14.3231353759765625,
23482500,14.57729339599609375,
23491500,15.3730621337890625,
23500500,11.86956024169921875,
23509500,12.51840972900390625,
23518500,15.669464111328125,
23527500,15.68451690673828125,
23536500,12.44350433349609375,
23545500,13.88089752197265625,
23554500,16.76235198974609375,
23563500,16.40163421630859375,
23572500,13.749420166015625,
23581500,14.9145965576171875,
23590500,15.88430023193359375,
23599500,13.54145050048828125,
23608500,15.105621337890625,
23617500,15.308441162109375,
23626500,15.499969482421875,
23635500,15.85514068603515625,
23644500,15.89833831787109375,
23653500,14.98444366455078125,
23662500,11.685028076171875,
23671500,12.76215362548828125,
23680500,16.56081390380859375,
23689500,14.4070892333984375,
23698500,12.32916259765625,
23707500,12.629180908203125,
23716500,12.41843414306640625,
23725500,15.639190673828125,
23734500,14.1875152587890625,
23743500,13.93669891357421875,
23752500,15.638153076171875,
23761500,17.281402587890625,
23770500,14.5103912353515625,
23779500,13.32326507568359375,
23788500,14.4364776611328125,
23797500,14.697235107421875,
23806500,10.354400634765625,
23815500,10.27442169189453125,
23824500,15.6080322265625,
23833500,14.7257232666015625,
23842500,16.0215301513671875,
23851500,13.91269683837890625,
23860500,13.861175537109375,
23869500,10.613006591796875,
23878500,13.98541259765625,
23887500,13.53440093994140625,
23896500,12.7510528564453125,
23905500,13.67972564697265625,
23914500,15.02443695068359375,
23923500,14.405670166015625,
23932500,10.767608642578125,
23941500,11.7833099365234375,
23950500,16.11443328857421875,
23959500,14.21791839599609375,
23968500,14.163848876953125,
23977500,15.7908172607421875,
23986500,18.1639251708984375,
23995500,20.59709930419921875,
24004500,30.679473876953125,
24013500,17.11800384521484375,
24022500,16.04726409912109375,
24031500,15.99494171142578125,
24040500,13.6746673583984375,
24049500,13.6665496826171875,
24058500,15.91632080078125,
24067500,14.68306732177734375,
24076500,13.73152923583984375,
24085500,14.36273956298828125,
24094500,15.72332000732421875,
24103500,14.83829498291015625,
24112500,13.93021392822265625,
24121500,12.64577484130859375,
24130500,15.13619232177734375,
24139500,11.5965118408203125,
24148500,10.02916717529296875,
24157500,13.1358489990234375,
24166500,14.32141876220703125,
24175500,14.768798828125,
24184500,14.24341583251953125,
24193500,14.24394989013671875,
24202500,11.73476409912109375,
24211500,12.1877288818359375,
24220500,12.47318267822265625,
24229500,15.8896942138671875,
24238500,16.5053253173828125,
24247500,13.73195648193359375,
24256500,11.89386749267578125,
24265500,14.056976318359375,
24274500,12.28951263427734375,
24283500,13.71219635009765625,
24292500,14.06519317626953125,
24301500,13.15232086181640625,
24310500,13.2767333984375,
24319500,14.1766815185546875,
24328500,14.99603271484375,
24337500,11.54150390625,
24346500,16.81158447265625,
24355500,16.9767608642578125,
24364500,14.8870086669921875,
24373500,15.75730133056640625,
24382500,14.19757080078125,
24391500,13.92919158935546875,
24400500,15.25151824951171875,
24409500,13.74105072021484375,
24418500,15.00441741943359375,
24427500,18.146209716796875,
24436500,16.70999908447265625,
24445500,14.26592254638671875,
24454500,12.7227935791015625,
24463500,16.95384979248046875,
24472500,16.89296722412109375,
24481500,17.55863189697265625,
24490500,14.71228790283203125,
24499500,14.56002044677734375,
24508500,15.71353912353515625,
24517500,15.864288330078125,
24526500,17.30028533935546875,
24535500,19.5509033203125,
24544500,15.58939361572265625,
24553500,13.98497772216796875,
24562500,13.89810943603515625,
24571500,16.373138427734375,
24580500,19.9399261474609375,
24589500,18.83602142333984375,
24598500,19.41217041015625,
24607500,17.08625030517578125,
24616500,15.969329833984375,
24625500,19.0977325439453125,
24634500,20.30133056640625,
24643500,17.48007965087890625,
24652500,13.6445770263671875,
24661500,17.13774871826171875,
24670500,16.6519775390625,
24679500,17.84314727783203125,
24688500,20.0748748779296875,
24697500,17.796722412109375,
24706500,17.43025970458984375,
24715500,15.3937835693359375,
24724500,16.86330413818359375,
24733500,17.4306640625,
24742500,20.733123779296875,
24751500,18.268310546875,
24760500,16.2450714111328125,
24769500,18.47271728515625,
24778500,19.04256439208984375,
24787500,20.09283447265625,
24796500,20.94121551513671875,
24805500,17.61754608154296875,
24814500,15.01177978515625,
24823500,19.0379180908203125,
24832500,17.512847900390625,
24841500,19.2664337158203125,
24850500,21.33930206298828125,
24859500,17.3730926513671875,
24868500,18.08782196044921875,
24877500,19.88031005859375,
24886500,18.1175689697265625,
24895500,18.84360504150390625,
24904500,21.89215850830078125,
24913500,15.68437957763671875,
24922500,16.04386138916015625,
24931500,18.10284423828125,
24940500,20.3509979248046875,
24949500,21.86525726318359375,
24958500,22.28143310546875,
24967500,18.0019073486328125,
24976500,18.4320068359375,
24985500,18.917816162109375,
24994500,15.85717010498046875,
25003500,20.9366912841796875,
25012500,21.280426025390625,
25021500,16.6096649169921875,
25030500,20.13520050048828125,
25039500,19.2476806640625,
25048500,19.05493927001953125,
25057500,21.72216033935546875,
25066500,21.4117279052734375,
25075500,17.37398529052734375,
25084500,19.56012725830078125,
25093500,19.02156829833984375,
25102500,19.02210235595703125,
25111500,21.80108642578125,
25120500,18.15607452392578125,
25129500,18.2303009033203125,
25138500,17.83110809326171875,
25147500,19.3885345458984375,
25156500,19.98288726806640625,
25165500,23.45781707763671875,
25174500,19.7087249755859375,
25183500,17.4772186279296875,
25192500,19.69255828857421875,
25201500,19.5411529541015625,
25210500,20.0142059326171875,
25219500,24.42999267578125,
25228500,16.90838623046875,
25237500,17.205474853515625,
25246500,19.55696868896484375,
25255500,18.84021759033203125,
25264500,19.64263916015625,
25273500,24.33788299560546875,
25282500,19.76758575439453125,
25291500,20.54970550537109375,
25300500,19.66393280029296875,
25309500,18.60589599609375,
25318500,20.8652801513671875,
25327500,23.872100830078125,
25336500,17.6038360595703125,
25345500,18.8197174072265625,
25354500,20.42205810546875,
25363500,19.2017364501953125,
25372500,21.918365478515625,
25381500,24.2603302001953125,
25390500,19.22342681884765625,
25399500,19.0514373779296875,
25408500,20.5850677490234375,
25417500,19.99510955810546875,
25426500,22.11421966552734375,
25435500,22.75399017333984375,
25444500,17.87725830078125,
25453500,19.10071563720703125,
25462500,21.38962554931640625,
25471500,19.79644012451171875,
25480500,22.50872802734375,
25489500,22.08565521240234375,
25498500,18.497955322265625,
25507500,17.36318206787109375,
25516500,20.93521881103515625,
25525500,20.06159210205078125,
25534500,23.01153564453125,
25543500,20.24550628662109375,
25552500,20.80025482177734375,
25561500,19.92885589599609375,
25570500,19.7244415283203125,
25579500,20.54894256591796875,
25588500,23.462432861328125,
25597500,20.73187255859375,
25606500,17.6760711669921875,
25615500,20.3582611083984375,
25624500,20.293182373046875,
25633500,20.07572174072265625,
25642500,23.589691162109375,
25651500,19.6145477294921875,
25660500,16.4479827880859375,
25669500,19.73569488525390625,
25678500,20.79323577880859375,
25687500,20.22093963623046875,
25696500,24.67581939697265625,
25705500,19.71379852294921875,
25714500,20.43097686767578125,
25723500,20.16107177734375,
25732500,20.88253021240234375,
25741500,22.29076385498046875,
25750500,24.6990814208984375,
25759500,18.00646209716796875,
25768500,17.16634368896484375,
25777500,19.7823028564453125,
25786500,21.756439208984375,
25795500,24.2853240966796875,
25804500,24.52838897705078125,
25813500,19.14008331298828125,
25822500,19.6685638427734375,
25831500,21.02941131591796875,
25840500,20.6895904541015625,
25849500,23.96747589111328125,
25858500,23.341033935546875,
25867500,18.80371856689453125,
25876500,19.27843475341796875,
25885500,21.15436553955078125,
25894500,22.09647369384765625,
25903500,24.96450042724609375,
25912500,23.76670074462890625,
25921500,20.22548675537109375,
25930500,18.0157012939453125,
25939500,21.91568756103515625,
25948500,21.44881439208984375,
25957500,25.5605316162109375,
25966500,21.74362945556640625,
25975500,20.904144287109375,
25984500,19.7810821533203125,
25993500,21.436187744140625,
26002500,21.81717681884765625,
26011500,26.08667755126953125,
26020500,20.9098663330078125,
26029500,18.198638916015625,
26038500,18.9627838134765625,
26047500,21.572052001953125,
26056500,21.12264251708984375,
26065500,26.2136993408203125,
26074500,20.1235809326171875,
26083500,20.2607421875,
26092500,18.87601470947265625,
26101500,22.2245635986328125,
26110500,22.33261871337890625,
26119500,25.72716522216796875,
26128500,20.27396392822265625,
26137500,20.4254302978515625,
26146500,19.06783294677734375,
26155500,22.9977874755859375,
26164500,23.72678375244140625,
26173500,24.34642791748046875,
26182500,19.94509124755859375,
26191500,17.548004150390625,
26200500,19.72219085693359375,
26209500,23.1987457275390625,
26218500,23.918914794921875,
26227500,23.4402008056640625,
26236500,20.8217620849609375,
26245500,19.28395843505859375,
26254500,20.70107269287109375,
26263500,24.57910919189453125,
26272500,24.003997802734375,
26281500,23.7529144287109375,
26290500,18.344085693359375,
26299500,16.1815948486328125,
26308500,20.44142913818359375,
26317500,24.4316864013671875,
26326500,25.654266357421875,
26335500,24.03081512451171875,
26344500,18.99964141845703125,
26353500,18.355743408203125,
26362500,20.07757568359375,
26371500,22.62273406982421875,
26380500,25.90411376953125,
26389500,23.01328277587890625,
26398500,19.81353759765625,
26407500,19.10569000244140625,
26416500,19.73854827880859375,
26425500,21.54648590087890625,
26434500,25.10947418212890625,
26443500,22.1355743408203125,
26452500,19.41881561279296875,
26461500,19.09871673583984375,
26470500,21.80011749267578125,
26479500,22.1806488037109375,
26488500,24.9154205322265625,
26497500,19.8632659912109375,
26506500,20.4355010986328125,
26515500,18.6014556884765625,
26524500,23.2054595947265625,
26533500,24.4370574951171875,
26542500,27.16656494140625,
26551500,21.5140380859375,
26560500,19.930816650390625,
26569500,20.122528076171875,
26578500,23.693450927734375,
26587500,23.85391998291015625,
26596500,26.45839691162109375,
26605500,19.7581787109375,
26614500,18.23697662353515625,
26623500,20.05519866943359375,
26632500,22.04007720947265625,
26641500,24.64813232421875,
26650500,25.7813262939453125,
26659500,20.90097808837890625,
26668500,21.6757965087890625,
26677500,20.7287445068359375,
26686500,22.18782806396484375,
26695500,25.0484771728515625,
26704500,24.134033203125,
26713500,19.7408599853515625,
26722500,20.24268341064453125,
26731500,19.2884368896484375,
26740500,21.1927947998046875,
26749500,25.41503143310546875,
26758500,22.99689483642578125,
26767500,20.86516571044921875,
26776500,20.0653228759765625,
26785500,19.30149078369140625,
26794500,23.23097991943359375,
26803500,26.4373626708984375,
26812500,22.73203277587890625,
26821500,17.83022308349609375,
26830500,17.85924530029296875,
26839500,21.71695709228515625,
26848500,22.5548095703125,
26857500,25.06682586669921875,
26866500,23.126373291015625,
26875500,17.636199951171875,
26884500,16.94011688232421875,
26893500,22.9748077392578125,
26902500,22.90287017822265625,
26911500,25.3125762939453125,
26920500,21.61609649658203125,
26929500,17.39752960205078125,
26938500,17.2101898193359375,
26947500,22.367340087890625,
26956500,23.15256500244140625,
26965500,24.63419342041015625,
26974500,18.5215606689453125,
26983500,18.9847412109375,
26992500,17.09290313720703125,
27001500,22.9259185791015625,
27010500,23.97245025634765625,
27019500,23.96637725830078125,
27028500,18.801177978515625,
27037500,16.9158477783203125,
27046500,16.1446990966796875,
27055500,22.4540557861328125,
27064500,22.80682373046875,
27073500,23.16961669921875,
27082500,19.437347412109375,
27091500,18.9234619140625,
27100500,15.378814697265625,
27109500,21.680877685546875,
27118500,22.21744537353515625,
27127500,21.9333953857421875,
27136500,20.376708984375,
27145500,16.8299407958984375,
27154500,16.96100616455078125,
27163500,20.59011077880859375,
27172500,22.28916168212890625,
27181500,22.31053924560546875,
27190500,18.05084228515625,
27199500,16.02954864501953125,
27208500,18.084686279296875,
27217500,18.9784088134765625,
27226500,20.49007415771484375,
27235500,19.182159423828125,
27244500,18.1704864501953125,
27253500,16.08621978759765625,
27262500,17.9239349365234375,
27271500,21.2472076416015625,
27280500,20.650146484375,
27289500,18.78851318359375,
27298500,16.82196044921875,
27307500,16.25650787353515625,
27316500,17.85771942138671875,
27325500,18.95209503173828125,
27334500,20.33461761474609375,
27343500,20.923370361328125,
27352500,19.48368072509765625,
27361500,18.12799835205078125,
27370500,19.630035400390625,
27379500,21.069976806640625,
27388500,21.24535369873046875,
27397500,17.45072174072265625,
27406500,18.81573486328125,
27415500,19.27092742919921875,
27424500,20.1561737060546875,
27433500,21.4906005859375,
27442500,21.2725067138671875,
27451500,18.10674285888671875,
27460500,19.4554901123046875,
27469500,18.535369873046875,
27478500,20.78040313720703125,
27487500,20.0601043701171875,
27496500,20.479156494140625,
27505500,19.5942230224609375,
27514500,19.116851806640625,
27523500,22.05507659912109375,
27532500,23.31609344482421875,
27541500,22.56882476806640625,
27550500,21.176910400390625,
27559500,21.15375518798828125,
27568500,21.21795654296875,
27577500,20.94615936279296875,
27586500,22.011322021484375,
27595500,22.5731964111328125,
27604500,21.9510040283203125,
27613500,21.11182403564453125,
27622500,19.34688568115234375,
27631500,21.02292633056640625,
27640500,21.90313720703125,
27649500,23.85225677490234375,
27658500,20.97979736328125,
27667500,21.18017578125,
27676500,23.986236572265625,
27685500,25.35364532470703125,
27694500,23.665924072265625,
27703500,26.149688720703125,
27712500,21.8074188232421875,
27721500,22.26848602294921875,
27730500,21.114349365234375,
27739500,24.13764190673828125,
27748500,25.05503082275390625,
27757500,25.295440673828125,
27766500,24.72400665283203125,
27775500,22.578033447265625,
27784500,23.42905426025390625,
27793500,24.6386260986328125,
27802500,24.62651824951171875,
27811500,27.42073822021484375,
27820500,23.0188140869140625,
27829500,23.488861083984375,
27838500,24.10894012451171875,
27847500,25.733062744140625,
27856500,24.719879150390625,
27865500,27.65056610107421875,
27874500,20.742156982421875,
27883500,21.6623687744140625,
27892500,23.20987701416015625,
27901500,26.6524810791015625,
27910500,26.6212615966796875,
27919500,28.74936676025390625,
27928500,23.25274658203125,
27937500,24.5543212890625,
27946500,24.42792510986328125,
27955500,28.9832000732421875,
27964500,29.2655029296875,
27973500,29.10518646240234375,
27982500,26.80712890625,
27991500,26.8628997802734375,
28000500,26.20359039306640625,
28009500,28.9737091064453125,
28018500,29.6527557373046875,
28027500,29.846282958984375,
28036500,27.35973358154296875,
28045500,25.5550079345703125,
28054500,26.890960693359375,
28063500,28.9071807861328125,
28072500,31.0370025634765625,
28081500,30.10048675537109375,
28090500,26.72531890869140625,
28099500,25.57537841796875,
28108500,27.5666046142578125,
28117500,28.86954498291015625,
28126500,32.681365966796875,
28135500,30.0124969482421875,
28144500,28.440948486328125,
28153500,26.25350189208984375,
28162500,29.456512451171875,
28171500,29.70256805419921875,
28180500,31.98114013671875,
28189500,28.87610626220703125,
28198500,29.1962738037109375,
28207500,25.52527618408203125,
28216500,28.393646240234375,
28225500,28.4207611083984375,
28234500,32.39281463623046875,
28243500,28.74983978271484375,
28252500,26.5138092041015625,
28261500,25.0070343017578125,
28270500,29.932373046875,
28279500,29.4150848388671875,
28288500,31.80133056640625,
28297500,27.60715484619140625,
28306500,25.01508331298828125,
28315500,25.20897674560546875,
28324500,28.63063812255859375,
28333500,29.66619110107421875,
28342500,31.4517364501953125,
28351500,26.2986907958984375,
28360500,26.32651519775390625,
28369500,25.3830108642578125,
28378500,28.43297576904296875,
28387500,30.16822052001953125,
28396500,30.81598663330078125,
28405500,28.2679595947265625,
28414500,26.5134124755859375,
28423500,25.74367523193359375,
28432500,27.7888031005859375,
28441500,28.83115386962890625,
28450500,28.72991943359375,
28459500,25.15975189208984375,
28468500,22.95008087158203125,
28477500,25.93239593505859375,
28486500,28.771270751953125,
28495500,28.93399810791015625,
28504500,25.7609100341796875,
28513500,25.44853973388671875,
28522500,22.51441192626953125,
28531500,26.74773406982421875,
28540500,28.22266387939453125,
28549500,28.93901824951171875,
28558500,25.339385986328125,
28567500,26.167266845703125,
28576500,21.60999298095703125,
28585500,25.4824676513671875,
28594500,26.7637939453125,
28603500,29.4066009521484375,
28612500,26.376220703125,
28621500,26.167510986328125,
28630500,23.13863372802734375,
28639500,25.9964447021484375,
28648500,26.19089508056640625,
28657500,29.830291748046875,
28666500,27.4137115478515625,
28675500,24.47476959228515625,
28684500,23.24684906005859375,
28693500,26.25679779052734375,
28702500,25.9939727783203125,
28711500,28.50701141357421875,
28720500,24.33933258056640625,
28729500,25.50182342529296875,
28738500,23.0110931396484375,
28747500,27.21843719482421875,
28756500,27.5836029052734375,
28765500,30.2488861083984375,
28774500,22.90464019775390625,
28783500,22.9098663330078125,
28792500,22.88620758056640625,
28801500,25.85881805419921875,
28810500,27.37545013427734375,
28819500,28.276611328125,
28828500,24.71776580810546875,
28837500,23.20235443115234375,
28846500,23.5504913330078125,
28855500,25.280792236328125,
28864500,26.82358551025390625,
28873500,27.2316741943359375,
28882500,25.032745361328125,
28891500,21.242095947265625,
28900500,23.53972625732421875,
28909500,26.9278717041015625,
28918500,26.98626708984375,
28927500,25.1029205322265625,
28936500,25.121124267578125,
28945500,22.955047607421875,
28954500,23.21198272705078125,
28963500,24.3494110107421875,
28972500,25.47551727294921875,
28981500,22.65515899658203125,
28990500,23.81926727294921875,
28999500,21.5084228515625,
29008500,23.28517913818359375,
29017500,24.35254669189453125,
29026500,25.66120147705078125,
29035500,22.7464447021484375,
29044500,21.0326080322265625,
29053500,19.134857177734375,
29062500,21.35375213623046875,
29071500,21.5631103515625,
29080500,24.58782196044921875,
29089500,20.01709747314453125,
29098500,20.3768768310546875,
29107500,17.38004302978515625,
29116500,23.41352081298828125,
29125500,23.41274261474609375,
29134500,25.099945068359375,
29143500,22.78936767578125,
29152500,23.70172882080078125,
29161500,19.4080352783203125,
29170500,23.1397857666015625,
29179500,22.44121551513671875,
29188500,24.14072418212890625,
29197500,20.87519073486328125,
29206500,20.49951171875,
29215500,19.4691162109375,
29224500,23.75567626953125,
29233500,21.12113189697265625,
29242500,22.59178924560546875,
29251500,20.7743988037109375,
29260500,18.51816558837890625,
29269500,20.45073699951171875,
29278500,22.37848663330078125,
29287500,22.46381378173828125,
29296500,22.60515594482421875,
29305500,21.05112457275390625,
29314500,19.01235198974609375,
29323500,20.01439666748046875,
29332500,23.2830810546875,
29341500,22.6682586669921875,
29350500,23.08699798583984375,
29359500,22.6364288330078125,
29368500,20.61347198486328125,
29377500,20.31615447998046875,
29386500,23.56011199951171875,
29395500,25.2241973876953125,
29404500,23.98674774169921875,
29413500,23.24813079833984375,
29422500,22.2048797607421875,
29431500,21.3042755126953125,
29440500,23.3250274658203125,
29449500,25.270172119140625,
29458500,21.99726104736328125,
29467500,20.93381500244140625,
29476500,21.812713623046875,
29485500,23.0830230712890625,
29494500,24.50788116455078125,
29503500,27.82468414306640625,
29512500,25.04351806640625,
29521500,24.35503387451171875,
29530500,23.84458160400390625,
29539500,25.72628021240234375,
29548500,25.3854522705078125,
29557500,27.117431640625,
29566500,24.390350341796875,
29575500,21.7890472412109375,
29584500,21.67498016357421875,
29593500,26.38957977294921875,
29602500,26.4345703125,
29611500,26.88993072509765625,
29620500,23.71982574462890625,
29629500,24.44724273681640625,
29638500,23.92742156982421875,
29647500,27.7988739013671875,
29656500,26.4646148681640625,
29665500,27.247528076171875,
29674500,24.45050811767578125,
29683500,22.933990478515625,
29692500,22.3174285888671875,
29701500,26.7849273681640625,
29710500,27.35575103759765625,
29719500,26.14202117919921875,
29728500,24.4587249755859375,
29737500,23.4353179931640625,
29746500,22.86325836181640625,
29755500,26.62165069580078125,
29764500,29.038116455078125,
29773500,27.1626129150390625,
29782500,24.07915496826171875,
29791500,24.3233489990234375,
29800500,24.15716552734375,
29809500,26.40582275390625,
29818500,29.7750396728515625,
29827500,28.0878143310546875,
29836500,26.54016876220703125,
29845500,24.6810150146484375,
29854500,27.32238006591796875,
29863500,28.2320098876953125,
29872500,31.2457427978515625,
29881500,26.86637115478515625,
29890500,24.98321533203125,
29899500,24.393096923828125,
29908500,28.1192169189453125,
29917500,26.561004638671875,
29926500,30.80094146728515625,
29935500,26.73772430419921875,
29944500,25.77809906005859375,
29953500,24.47919464111328125,
29962500,29.05283355712890625,
29971500,28.658416748046875,
29980500,30.759063720703125,
29989500,26.72412109375,
29998500,29.65717315673828125,
